iter	RMSE	R2	MAE
0	4.23102311	-24.66497004	4.147972059
1	4.15511536	-23.75233294	4.070900098
2	4.073105954	-22.78490284	3.987174288
3	3.99314325	-21.86018534	3.905814194
4	3.918155367	-21.00965691	3.829450912
5	3.841825004	-20.16046096	3.751676704
6	3.766490792	-19.33872792	3.67449082
7	3.695178492	-18.57585815	3.60169529
8	3.623261341	-17.82128569	3.528101589
9	3.555621161	-17.12512169	3.458827642
10	3.486812225	-16.43038928	3.388425763
11	3.419073193	-15.75972015	3.318685368
12	3.353166466	-15.11982026	3.251049454
13	3.288406102	-14.50318242	3.184622798
14	3.226648837	-13.92634145	3.12129405
15	3.164496281	-13.35684943	3.057459243
16	3.104849363	-12.82073168	2.995931207
17	3.046228695	-12.3037776	2.93574327
18	2.988173714	-11.80152323	2.876092264
19	2.931734347	-11.3225105	2.818065739
20	2.875910274	-10.85770471	2.760597265
21	2.82404798	-10.4338926	2.707138309
22	2.770740626	-10.00630926	2.652043943
23	2.719074531	-9.599666237	2.598957016
24	2.668074896	-9.205775242	2.546398667
25	2.618708363	-8.831600817	2.495765335
26	2.569828879	-8.468002789	2.445606649
27	2.52257341	-8.122998295	2.397131384
28	2.477069083	-7.7968301	2.350327768
29	2.432388965	-7.482346626	2.304192522
30	2.389109578	-7.183180024	2.259700837
31	2.345612405	-6.88791943	2.214564664
32	2.30324072	-6.60551499	2.170992915
33	2.261445908	-6.331998626	2.127896581
34	2.220653987	-6.069875312	2.085800054
35	2.180914113	-5.81910052	2.044639252
36	2.142057325	-5.578276813	2.004382078
37	2.105192371	-5.353800018	1.966414929
38	2.068797595	-5.136008774	1.928985039
39	2.032298854	-4.921409705	1.891330115
40	1.997530202	-4.720535374	1.855635351
41	1.963104157	-4.525055589	1.820362891
42	1.929137255	-4.335513493	1.785428853
43	1.896167581	-4.154700069	1.751368303
44	1.863856978	-3.980525114	1.718134194
45	1.832747046	-3.815651194	1.686204724
46	1.801974388	-3.655294866	1.65462325
47	1.772763341	-3.505588156	1.624738325
48	1.744301108	-3.362072503	1.595501848
49	1.715911512	-3.22123706	1.566329328
50	1.688161764	-3.085809232	1.537957317
51	1.66128559	-2.95674956	1.510350633
52	1.634643003	-2.830855812	1.482868277
53	1.608877625	-2.71104303	1.456342198
54	1.583582843	-2.595270259	1.430482236
55	1.559131891	-2.48510347	1.405601131
56	1.535239812	-2.379110662	1.381203965
57	1.512008752	-2.277619816	1.357581724
58	1.489565745	-2.181041388	1.334917265
59	1.467476618	-2.087396068	1.312490521
60	1.446073858	-1.997995085	1.29097609
61	1.424766933	-1.910299072	1.269746718
62	1.404430587	-1.827811948	1.24967015
63	1.384552418	-1.748329323	1.230113411
64	1.364970932	-1.671140748	1.210867197
65	1.346749354	-1.600300374	1.193014794
66	1.328613932	-1.530740242	1.175364371
67	1.311235494	-1.464968422	1.158482157
68	1.293590098	-1.399072275	1.141474515
69	1.27660284	-1.33647737	1.125207681
70	1.260328482	-1.277285433	1.10980004
71	1.2441351	-1.21914179	1.094426992
72	1.22859407	-1.164047534	1.079680987
73	1.214524743	-1.114767855	1.066375718
74	1.200072335	-1.064737354	1.052731226
75	1.186008464	-1.016626841	1.03942353
76	1.17234355	-0.9704243399	1.026502539
77	1.158737369	-0.9249523901	1.013695593
78	1.145457942	-0.8810843127	1.001249378
79	1.133208689	-0.8410676967	0.9897748161
80	1.120701752	-0.8006531631	0.978030543
81	1.10863979	-0.7621013737	0.9667736897
82	1.0969808	-0.7252340436	0.955887634
83	1.085572925	-0.6895380329	0.9452258857
84	1.074248196	-0.6544712811	0.9347123377
85	1.06361909	-0.6218930537	0.924774927
86	1.05339351	-0.5908573653	0.9151667555
87	1.043394723	-0.5607999352	0.9057887519
88	1.033718535	-0.5319852123	0.896699377
89	1.024347742	-0.5043358167	0.8879024887
90	1.014995186	-0.4769912813	0.8791538961
91	1.006402557	-0.452089649	0.8710577792
92	0.9975151468	-0.4265564591	0.8626813997
93	0.9889487483	-0.4021598809	0.8545780148
94	0.9808484419	-0.3792842581	0.8469100653
95	0.9729676161	-0.3572090215	0.839458463
96	0.9655098118	-0.3364827253	0.8323855445
97	0.9581855452	-0.31628277	0.8253157732
98	0.9510210521	-0.2966722838	0.8184094568
99	0.9441562758	-0.2780202494	0.8117741383
100	0.9374018983	-0.2598000575	0.8051364894
101	0.9311054004	-0.2429328252	0.7990245289
102	0.9248517273	-0.2262928343	0.7929171796
103	0.9188729706	-0.210489202	0.7870619279
104	0.912991893	-0.1950437612	0.7812600125
105	0.9072918131	-0.1801683153	0.7757693064
106	0.9018346521	-0.1660141044	0.7705018108
107	0.8964793875	-0.1522071963	0.7653934072
108	0.8914213765	-0.1392421777	0.7606140766
109	0.8864737307	-0.1266310272	0.7559418173
110	0.8818823427	-0.1149907406	0.751654994
111	0.877331172	-0.1035120686	0.7474528606
112	0.8728260711	-0.09220808397	0.7432730454
113	0.8685081358	-0.0814283454	0.7393133945
114	0.8643698049	-0.07114716089	0.7355053334
115	0.8602957404	-0.06107360598	0.7317137725
116	0.856341549	-0.0513419624	0.7280060846
117	0.8527728305	-0.04259749443	0.7246890244
118	0.8493359098	-0.03421049198	0.7214728449
119	0.8460187234	-0.02614779366	0.7183510794
120	0.8426946755	-0.01810006771	0.7152285726
121	0.8396208511	-0.01068634262	0.712342092
122	0.8364905189	-0.003164170527	0.7094308143
123	0.8334332773	0.00415524471	0.7065381878
124	0.8303896712	0.01141539339	0.7036761389
125	0.8274740365	0.01834537216	0.7008925051
126	0.8247002354	0.02491561081	0.6982630936
127	0.8221598722	0.03091355588	0.6958496764
128	0.8195375869	0.03708551502	0.6933437878
129	0.8171048428	0.0427937282	0.6909860297
130	0.8146680711	0.0484943803	0.6886849774
131	0.8124620859	0.0536404403	0.686547841
132	0.810228613	0.05883640761	0.684348389
133	0.8081501908	0.06365881518	0.6823442133
134	0.8060943187	0.06841671609	0.6802788159
135	0.8040482194	0.07313996661	0.6782038544
136	0.8021539799	0.07750196079	0.6762827094
137	0.8004037689	0.08152314595	0.6745443159
138	0.7985316642	0.08581466471	0.6726480484
139	0.7966409629	0.09013861383	0.6708190465
140	0.7949530952	0.0939900321	0.6690398729
141	0.7931176784	0.09816886035	0.6671886764
142	0.791454428	0.1019473619	0.6654105774
143	0.7898799535	0.1055168778	0.663748911
144	0.7885739526	0.1084723396	0.6623744996
145	0.7871053517	0.1117899209	0.6607750713
146	0.7858057395	0.1147205978	0.6593999054
147	0.7843994051	0.1178864815	0.657880765
148	0.78296654	0.1211062576	0.656443895
149	0.7817311981	0.1238774557	0.6551091961
150	0.7803367424	0.1270003309	0.6537151794
151	0.7789959373	0.1299977978	0.6523076166
152	0.7777827147	0.1327056024	0.6509522824
153	0.7768719307	0.1347356175	0.6499696225
154	0.775714144	0.137312735	0.6486784441
155	0.7745191791	0.1399685767	0.6474202739
156	0.7733845308	0.1424865735	0.6462714385
157	0.7722822776	0.1449291447	0.6451414729
158	0.7712242133	0.147270517	0.6439780483
159	0.7702580918	0.149405627	0.6429535907
160	0.7693781667	0.1513479158	0.6419652593
161	0.7683163015	0.153688851	0.6408450556
162	0.7674239069	0.1556536797	0.6398921099
163	0.7666440379	0.1573688853	0.6389815983
164	0.7660518747	0.1586700953	0.6383339294
165	0.7651198917	0.1607159833	0.6373323786
166	0.7642469664	0.1626299692	0.6364093261
167	0.7633598947	0.1645727342	0.6354698238
168	0.7627511964	0.1659045319	0.63481407
169	0.761989236	0.167570161	0.6339738302
170	0.7612068388	0.169278732	0.6331068048
171	0.7605112148	0.1707963369	0.6322738467
172	0.7598027936	0.1723404347	0.6314291883
173	0.7592247668	0.1735992546	0.6307385115
174	0.7586154784	0.1749251186	0.6299633998
175	0.7581616523	0.1759119914	0.6293644276
176	0.7575306022	0.1772832672	0.628697431
177	0.7568800834	0.1786956535	0.6279748566
178	0.7561899629	0.1801926952	0.6272215336
179	0.755741209	0.1811654207	0.6266329612
180	0.7554241561	0.1818523209	0.6262426538
181	0.7548648159	0.1830634378	0.6255776209
182	0.7545718839	0.1836973537	0.6252081778
183	0.7542907952	0.1843054091	0.6248506209
184	0.7537704386	0.1854304544	0.6241582946
185	0.7534762601	0.1860661441	0.6237666546
186	0.7528410413	0.1874379408	0.6230069801
187	0.7524083497	0.1883717043	0.6224132794
188	0.7519855309	0.1892836433	0.6218286783
189	0.7514637853	0.1904082421	0.6212454113
190	0.7510126108	0.1913800986	0.620713603
191	0.7506352868	0.1921924288	0.6201645446
192	0.7501866809	0.1931576883	0.6195951064
193	0.7497695295	0.1940547498	0.6190013
194	0.7493349107	0.1949888433	0.6184920336
195	0.7489892173	0.1957314295	0.6179869269
196	0.7485426909	0.1966901083	0.6174078172
197	0.7481474988	0.1975380974	0.6168764389
198	0.7477509985	0.1983884432	0.6163524246
199	0.7473865275	0.1991697004	0.6158376719
200	0.7471111722	0.1997596823	0.6154392323
201	0.7466485932	0.200750324	0.6148236783
202	0.746365507	0.2013562682	0.61438178
203	0.7461827477	0.2017473412	0.6140379063
204	0.7457796164	0.2026096331	0.6135145739
205	0.7453393154	0.2035508983	0.6129495563
206	0.7451622075	0.2039293584	0.6126968884
207	0.7448020506	0.2046986971	0.6122301744
208	0.744354419	0.205654374	0.6116903753
209	0.7439547713	0.2065071214	0.611178047
210	0.7437905585	0.2068573774	0.6109031325
211	0.7434768636	0.2075262547	0.6104327634
212	0.7432779862	0.2079501658	0.6100580391
213	0.7429479594	0.2086533743	0.6096282394
214	0.7427017975	0.209177683	0.6092011538
215	0.7425760772	0.2094453921	0.6089711078
216	0.7422589514	0.2101204791	0.6085640715
217	0.7419364268	0.2108067633	0.6081682444
218	0.7416698732	0.2113737243	0.6077786504
219	0.7412448329	0.2122773659	0.6073121594
220	0.7408974599	0.2130155011	0.6069117609
221	0.7405133643	0.2138312656	0.6064185316
222	0.7402223865	0.2144489795	0.6060806377
223	0.7396980826	0.2155614062	0.6055472912
224	0.7394992853	0.2159829928	0.6052507978
225	0.7392832587	0.2164409884	0.6049360398
226	0.7389485302	0.2171503787	0.6045446969
227	0.7387243635	0.2176252756	0.6041578983
228	0.7382961094	0.218532131	0.60367384
229	0.7379636927	0.2192356819	0.603266817
230	0.7376108117	0.2199821984	0.6028186274
231	0.7374056784	0.2204159919	0.6024749993
232	0.7372207623	0.2208069288	0.6021287632
233	0.7368179317	0.2216582262	0.6016990699
234	0.7365903715	0.222138921	0.601351
235	0.7363994396	0.2225421281	0.6010171514
236	0.7359546626	0.2234809962	0.6005260434
237	0.7356191914	0.2241887582	0.6001201979
238	0.7355615051	0.2243104296	0.5999325955
239	0.7353423713	0.2247725379	0.5996306994
240	0.7349794999	0.2255374562	0.5992483007
241	0.7348425509	0.225826041	0.5989764415
242	0.7345416476	0.2264599288	0.5986197354
243	0.7343690201	0.2268234714	0.5983345597
244	0.7341040764	0.2273812599	0.5979838125
245	0.7338295047	0.227959106	0.5976357209
246	0.7335734715	0.2284977422	0.5972639492
247	0.7334353276	0.2287882879	0.5970803253
248	0.7330717569	0.229552692	0.5966691982
249	0.732964153	0.2297788556	0.5964177576
250	0.732487705	0.2307798623	0.5959557275
251	0.7321654376	0.2314565702	0.5956116251
252	0.7319640313	0.2318793385	0.5952880064
253	0.731739489	0.2323505341	0.5949798169
254	0.7314558746	0.2329454842	0.5946460588
255	0.7311528646	0.2335808666	0.5943221911
256	0.7310831836	0.2337269436	0.5941227598
257	0.7308800385	0.234152731	0.5938474719
258	0.7307476605	0.2344301284	0.5936666362
259	0.7304428377	0.2350686921	0.5933381166
260	0.730152791	0.2356760545	0.5930257241
261	0.7299654758	0.2360681672	0.5927860994
262	0.7299358567	0.2361301606	0.5927168393
263	0.7297348935	0.2365507143	0.5924820194
264	0.7296862055	0.2366525858	0.5923702171
265	0.7295021456	0.2370376388	0.5921026752
266	0.7294659308	0.2371133885	0.592009867
267	0.729455076	0.2371360928	0.5919603741
268	0.729421198	0.2372069504	0.5918355614
269	0.7289850059	0.2381189742	0.5914106888
270	0.7289704439	0.2381494121	0.5913606177
271	0.7286815533	0.2387531345	0.5910732215
272	0.7284618909	0.2392120238	0.5907841797
273	0.7282115769	0.2397347778	0.5905192033
274	0.7279509913	0.2402787921	0.5902359758
275	0.7278259177	0.2405398341	0.5900153429
276	0.7277994056	0.240595162	0.589904695
277	0.7276327921	0.2409428198	0.5896552445
278	0.7274271984	0.2413717047	0.5893766917
279	0.7273704855	0.2414899909	0.5892557373
280	0.7273513574	0.2415298845	0.5891546359
281	0.7272325989	0.2417775429	0.5889583411
282	0.7269720971	0.2423206512	0.5886797457
283	0.726794996	0.2426897697	0.5884375548
284	0.7265439983	0.2432127517	0.5881590848
285	0.7264250649	0.2434604998	0.5879568284
286	0.7262131083	0.243901922	0.5876962914
287	0.7261120249	0.2441123938	0.5875734251
288	0.7260161962	0.2443118972	0.587398739
289	0.7259297503	0.2444918443	0.5872751475
290	0.7256818274	0.2450078056	0.587009352
291	0.7254595807	0.2454701813	0.5867512271
292	0.724950072	0.2465296599	0.5862571824
293	0.7249200322	0.246592102	0.5861996765
294	0.7246260307	0.2472030883	0.5858823712
295	0.7244536854	0.2475611367	0.5856619438
296	0.72391085	0.2486883237	0.5851539316
297	0.7237421482	0.2490384575	0.5849616546
298	0.7235711724	0.2493932279	0.5847651548
299	0.7234053808	0.2497371609	0.5845710724
300	0.7229524234	0.2506764151	0.5841243937
301	0.7228251828	0.2509401558	0.5839674782
302	0.7225494702	0.2515114857	0.583684996
303	0.7224169041	0.2517861108	0.583467222
304	0.7221988952	0.2522376303	0.5832199527
305	0.7219962923	0.2526571202	0.5830042166
306	0.7219224478	0.2528099861	0.5828859395
307	0.7217832454	0.2530981075	0.5827325309
308	0.7216829866	0.253305589	0.5826132589
309	0.7215685775	0.2535423185	0.5824689932
310	0.7214074245	0.2538757046	0.5822740199
311	0.7213837045	0.2539247691	0.5822278365
312	0.7211212469	0.2544675524	0.5819266007
313	0.7208796993	0.2549669175	0.5816797193
314	0.720736891	0.2552620746	0.5815473262
315	0.7205934141	0.2555585547	0.5814073004
316	0.7202996534	0.2561653964	0.581072308
317	0.7199781273	0.2568293112	0.5807294997
318	0.7197521905	0.2572956678	0.5804772646
319	0.7195213752	0.257771943	0.5802190168
320	0.7192288624	0.2583753081	0.579859697
321	0.7190668746	0.2587093343	0.5797036776
322	0.7188447141	0.2591673169	0.5794398094
323	0.7187613994	0.2593390333	0.5793386404
324	0.7185800718	0.2597126909	0.5791609406
325	0.718333201	0.2602212603	0.5789231894
326	0.7180369931	0.2608312366	0.5786062793
327	0.7179947828	0.2609181392	0.5785443721
328	0.7176598895	0.2616074361	0.5781335298
329	0.7174248601	0.2620909954	0.5779112927
330	0.717316873	0.2623131196	0.5777941554
331	0.7169978745	0.2629690882	0.5774124267
332	0.7167241091	0.2635318096	0.5770394672
333	0.7165473739	0.2638949725	0.576805566
334	0.7165294447	0.2639318093	0.5767710336
335	0.7163188839	0.2643643506	0.5765575137
336	0.71586454	0.2652972467	0.5760943606
337	0.7157627695	0.2655061291	0.5759330408
338	0.7157520988	0.265528029	0.5758665052
339	0.7154050465	0.2662401145	0.575474719
340	0.7153223527	0.2664097356	0.5753722934
341	0.7150195195	0.267030738	0.575082728
342	0.7146771695	0.2677324586	0.5746810234
343	0.714383464	0.2683342039	0.5743412171
344	0.7141300645	0.2688531714	0.5740175202
345	0.7138494602	0.26942764	0.5737106002
346	0.7137379363	0.2696558951	0.5735717147
347	0.7135030229	0.2701365739	0.5733456588
348	0.7130462123	0.271070845	0.5728584641
349	0.7127220126	0.2717335367	0.5725013281
350	0.712582275	0.2720190792	0.5723640133
351	0.7124774702	0.2722332026	0.5722370638
352	0.7122706033	0.2726557536	0.5720487449
353	0.71208802	0.2730286003	0.5718543279
354	0.711950939	0.2733084656	0.5717245086
355	0.7115786578	0.2740682453	0.5713535987
356	0.7111905975	0.2748598049	0.5709557852
357	0.7108363992	0.2755819163	0.5705999399
358	0.7108264113	0.2756022738	0.5705799757
359	0.7107956644	0.2756649403	0.5705056608
360	0.7105847749	0.2760946897	0.5702525304
361	0.7103364646	0.2766005313	0.5699733057
362	0.7099445102	0.2773986359	0.5695655618
363	0.7096666197	0.2779642146	0.5692375567
364	0.7095449631	0.2782117474	0.5691082608
365	0.7092024858	0.278908353	0.5687496033
366	0.7089832894	0.2793540262	0.5684854764
367	0.7087215464	0.2798860252	0.5681692884
368	0.7085131812	0.2803093921	0.5679514251
369	0.7083139507	0.2807140822	0.5677075878
370	0.7080321225	0.2812863559	0.567419842
371	0.7077148582	0.281930313	0.5670781566
372	0.7077136589	0.2819327465	0.5670713161
373	0.707488792	0.2823889872	0.5668265699
374	0.7072224496	0.2829291917	0.5665524138
375	0.7069635412	0.2834541232	0.5662365681
376	0.7068582758	0.2836674918	0.5661021001
377	0.7066816351	0.2840254634	0.5658677296
378	0.7065538964	0.2842842771	0.5657214406
379	0.7062471153	0.2849056604	0.565376873
380	0.7059654773	0.2854758789	0.5650245152
381	0.7058285704	0.2857529853	0.5648921755
382	0.7056249955	0.2861649317	0.5646940018
383	0.7053919953	0.2866362762	0.5644504029
384	0.7053839369	0.2866525752	0.5644342844
385	0.7052348451	0.2869540933	0.5642051823
386	0.7049657993	0.2874980409	0.5639041393
387	0.7047178018	0.2879992499	0.5636382981
388	0.7044328702	0.2885748861	0.5633275249
389	0.7042801931	0.2888832378	0.5631413896
390	0.704212702	0.2890195237	0.5630663807
391	0.7039396529	0.2895707633	0.5628132185
392	0.7036943902	0.2900657245	0.5625534101
393	0.7034644126	0.2905296826	0.5623124319
394	0.7033990013	0.2906616159	0.5622235566
395	0.7032838148	0.2908939151	0.562126201
396	0.7029809375	0.2915045531	0.5617905267
397	0.7027603429	0.2919491333	0.5615972622
398	0.7026837046	0.2921035554	0.5615228981
399	0.7025098082	0.2924538849	0.5613433821
400	0.7024416661	0.2925911395	0.5612713074
401	0.7022680259	0.2929408323	0.5611222653
402	0.7020119353	0.2934564138	0.5608623739
403	0.70170863	0.2940668083	0.5605689845
404	0.7015401616	0.2944057331	0.5604327025
405	0.701455251	0.2945765252	0.5603540229
406	0.7012345455	0.2950203635	0.5601331938
407	0.7009103253	0.2956721163	0.5598092529
408	0.700688091	0.2961186813	0.5595869791
409	0.7005161782	0.2964640314	0.5594210127
410	0.7002965056	0.2969052014	0.559204557
411	0.7001469324	0.2972055112	0.5590348484
412	0.6999524451	0.2975959024	0.5588375431
413	0.6997706924	0.2979606335	0.5586305537
414	0.6996520637	0.29819864	0.5585036397
415	0.6993531426	0.2987981907	0.5582544579
416	0.6990757605	0.299354311	0.5580299696
417	0.6989443173	0.2996177631	0.5578799311
418	0.6987347873	0.3000376223	0.5576785355
419	0.6986956279	0.3001160763	0.5576451038
420	0.6986836617	0.3001400492	0.5576242325
421	0.6984307365	0.3006466596	0.5573964859
422	0.6981271913	0.3012544199	0.5571436031
423	0.6978314906	0.3018462198	0.5568644496
424	0.6976387466	0.3022318324	0.5566233386
425	0.6974062926	0.3026967494	0.5564094015
426	0.6971659981	0.3031771846	0.5561632766
427	0.6970740607	0.3033609568	0.5560895746
428	0.6968184751	0.3038717153	0.5558406632
429	0.6967629528	0.3039826454	0.5557966772
430	0.6964543446	0.3045990649	0.5554814507
431	0.6961259201	0.3052547657	0.5551792498
432	0.6958936582	0.3057182907	0.554931087
433	0.6957512521	0.3060024142	0.5547769086
434	0.6955461733	0.3064114777	0.5545524553
435	0.6954875349	0.3065284195	0.5544683117
436	0.6953292725	0.3068439909	0.5542826577
437	0.6952825358	0.306937169	0.5542363673
438	0.6950653065	0.307370173	0.5540458142
439	0.6949644827	0.3075710993	0.5539492006
440	0.6948006028	0.3078976248	0.5537495418
441	0.6947078415	0.3080824146	0.5536141419
442	0.6945074472	0.308481536	0.5533822758
443	0.6944582875	0.3085794287	0.5533355224
444	0.69435532	0.3087844476	0.553253162
445	0.6942264006	0.3090410967	0.5531067255
446	0.6941317973	0.3092294	0.5530161581
447	0.6940037126	0.3094843054	0.5528463308
448	0.6938588539	0.3097725366	0.5526817952
449	0.693645146	0.31019765	0.5524575981
450	0.6934881337	0.3105098997	0.5523000496
451	0.6932447677	0.3109937406	0.552094973
452	0.6931448094	0.3111924207	0.5520189787
453	0.6930163474	0.3114477133	0.5518846888
454	0.6928946476	0.3116895237	0.5517406082
455	0.6927262761	0.3120239982	0.5515807122
456	0.6925145227	0.3124445367	0.5513711945
457	0.6923072926	0.3128559674	0.551198268
458	0.6921651655	0.3131380725	0.5510553529
459	0.6919363284	0.3135921651	0.5508471297
460	0.6918639417	0.3137357742	0.5507598761
461	0.691665876	0.3141286434	0.5505623602
462	0.6916652483	0.3141298881	0.5505597336
463	0.6916175535	0.3142244753	0.5505126025
464	0.6915188534	0.3144201941	0.5504070667
465	0.6914860102	0.3144853149	0.5503733808
466	0.691322187	0.3148100934	0.5502306089
467	0.6911284245	0.3151941271	0.5500650382
468	0.6909214065	0.3156043139	0.5498688592
469	0.6908174441	0.3158102594	0.5497613032
470	0.6905713895	0.3162975604	0.5495294593
471	0.6905386887	0.31636231	0.5494918856
472	0.6903980083	0.3166408307	0.549346295
473	0.6902223478	0.3169885256	0.5492010184
474	0.6900226199	0.317383751	0.5490174947
475	0.6899423556	0.3175425473	0.5489352747
476	0.6899380733	0.3175510189	0.548935771
477	0.6898075225	0.317809262	0.5487963039
478	0.6895669257	0.3182850593	0.5485579336
479	0.6894958404	0.3184256037	0.5484640367
480	0.6893826948	0.3186492767	0.5483406524
481	0.6893625621	0.3186890725	0.548319001
482	0.6891518187	0.3191055728	0.5481396626
483	0.6890162998	0.3193733366	0.5480403467
484	0.6887882037	0.3198238995	0.5478373587
485	0.6886188989	0.3201582342	0.5476912976
486	0.6885131643	0.3203669921	0.5475664481
487	0.6883024927	0.3207828374	0.5474029318
488	0.6881965995	0.3209918121	0.5472797096
489	0.6879677544	0.3214433164	0.5470682676
490	0.6878193441	0.321736045	0.5469154746
491	0.6877481128	0.3218765214	0.5468462746
492	0.6876801966	0.3220104462	0.5467895356
493	0.6875762964	0.3222153028	0.5466726163
494	0.6874586093	0.3224473053	0.546539906
495	0.687347006	0.3226672777	0.5464473189
496	0.6871136809	0.323127051	0.5462400505
497	0.6869133246	0.3235217338	0.5460630158
498	0.6866660943	0.3240085953	0.5458423148
499	0.6865735467	0.324190801	0.5457614013
500	0.6863548769	0.3246212152	0.5455647582
501	0.6861728198	0.324979459	0.5453735785
502	0.6859483335	0.3254210621	0.5451659337
503	0.6858258175	0.3256620114	0.5450423759
504	0.6854711017	0.3263593793	0.5447103545
505	0.6852333074	0.3268266787	0.5444900445
506	0.6851198162	0.3270496479	0.5443952045
507	0.6849411635	0.3274005608	0.5442157933
508	0.6843753071	0.3285114226	0.543666273
509	0.6842434418	0.3287701622	0.5435322904
510	0.6841204242	0.3290114965	0.5434224502
511	0.6840050378	0.3292378203	0.543335395
512	0.6839435904	0.3293583304	0.5432777353
513	0.6838579014	0.3295263648	0.5431830689
514	0.6836985254	0.3298388418	0.5430258275
515	0.6834818717	0.3302635023	0.5428254085
516	0.6833747701	0.3304733814	0.5427126649
517	0.6833032966	0.3306134243	0.5426496188
518	0.6830767117	0.3310572908	0.5424420505
519	0.6829461689	0.3313129496	0.5423230458
520	0.6828208792	0.3315582748	0.5422080189
521	0.6827153877	0.3317647989	0.5421060222
522	0.6825924216	0.3320054933	0.5419945719
523	0.6824564568	0.3322715809	0.54184811
524	0.6823524497	0.3324750904	0.5417701502
525	0.6822017669	0.3327698748	0.5416391664
526	0.6819418412	0.3332782206	0.5414213788
527	0.6818208192	0.3335148414	0.5412964543
528	0.6817037034	0.333743785	0.5411926627
529	0.6816350375	0.3338779981	0.5411371045
530	0.6813387572	0.334456947	0.5409042954
531	0.6811133875	0.3348971641	0.5406865372
532	0.6809393212	0.3352370698	0.5405190034
533	0.6806630444	0.3357763875	0.5402689909
534	0.6805694175	0.3359591062	0.5401541715
535	0.6804214814	0.3362477614	0.540036323
536	0.6803264995	0.3364330584	0.5399537971
537	0.6801551751	0.3367672241	0.5397922618
538	0.6800254721	0.337020152	0.5396565042
539	0.6799938075	0.3370818923	0.5396247474
540	0.6798851035	0.3372938239	0.5395287634
541	0.6798351059	0.337391289	0.539490601
542	0.6797909794	0.3374773029	0.539442462
543	0.6797294334	0.3375972625	0.5393756009
544	0.6794915795	0.3380607633	0.5391641896
545	0.6790842494	0.3388541415	0.5388097144
546	0.6788826246	0.3392466809	0.5386395808
547	0.6787775946	0.3394511155	0.5385410289
548	0.678380751	0.3402232622	0.5381582878
549	0.6782519957	0.340473687	0.5380513622
550	0.6781448234	0.3406820973	0.5379665697
551	0.6780385197	0.3408887861	0.5378690619
552	0.6778178522	0.3413177315	0.5376992713
553	0.6776840776	0.3415777018	0.5375595399
554	0.6775038343	0.3419278957	0.5373815037
555	0.6773852786	0.3421581864	0.5372373879
556	0.6771562751	0.3426029041	0.537041301
557	0.6770837026	0.3427438062	0.5369566048
558	0.6769535361	0.3429964915	0.5368410088
559	0.6768543617	0.3431889807	0.5367396156
560	0.6767640525	0.343364239	0.536647335
561	0.6766915622	0.3435048999	0.5365860696
562	0.6765563776	0.3437671736	0.5364678077
563	0.6764477517	0.3439778822	0.5363805741
564	0.6762153477	0.3444285777	0.5361807238
565	0.6761528645	0.3445497235	0.5361150128
566	0.6761100955	0.3446326399	0.5360809829
567	0.6760217945	0.3448038125	0.5359839712
568	0.6759933444	0.3448589587	0.5359576386
569	0.6757641434	0.3453031452	0.5357560531
570	0.6757149547	0.3453984521	0.5356939097
571	0.6756028696	0.3456155998	0.5355917719
572	0.6755575829	0.3457033257	0.535548673
573	0.6754353111	0.3459401516	0.5354343492
574	0.6753595125	0.3460869431	0.5353633183
575	0.6752557796	0.3462878053	0.5352745706
576	0.6751516058	0.3464894901	0.5351793707
577	0.6750151212	0.3467536829	0.5350614624
578	0.6748417183	0.3470892614	0.5349031682
579	0.6746356411	0.3474879606	0.5347073091
580	0.6745605666	0.3476331777	0.5346361438
581	0.6743819767	0.3479785603	0.5344551139
582	0.6742781261	0.3481793591	0.5343573952
583	0.6741924353	0.3483450221	0.5342778152
584	0.6739904946	0.3487353438	0.5340912882
585	0.6738849389	0.3489393209	0.5339851756
586	0.6737231566	0.349251889	0.5338462605
587	0.6735588096	0.3495693354	0.5337240806
588	0.6734427812	0.3497934046	0.533625822
589	0.6733059699	0.3500575594	0.5334903982
590	0.6731686942	0.350322557	0.5333716096
591	0.6729696942	0.3507066112	0.533184594
592	0.6727923739	0.35104873	0.5330292404
593	0.6726463534	0.3513303915	0.532913769
594	0.672579064	0.3514601668	0.5328622248
595	0.6725366103	0.3515420369	0.5328178637
596	0.6724458274	0.3517170902	0.5327038361
597	0.6723846902	0.3518349657	0.5326409775
598	0.6722623453	0.3520708202	0.53252407
599	0.6721793867	0.3522307219	0.532443547
600	0.6720647614	0.3524516285	0.5323464781
601	0.671866913	0.3528328346	0.5321809786
602	0.6717633553	0.3530323203	0.5320898135
603	0.6716015467	0.3533439548	0.5319581683
604	0.6713923959	0.3537466566	0.5317932964
605	0.6713525533	0.3538233559	0.5317459892
606	0.6712798605	0.3539632819	0.5316893781
607	0.6711343333	0.354243361	0.5315788163
608	0.6710891675	0.354330274	0.5315368945
609	0.6707384514	0.3550049611	0.5312543644
610	0.6705493239	0.3553686472	0.5311248702
611	0.6704667195	0.3555274604	0.5310599653
612	0.6703481493	0.3557553868	0.5309595974
613	0.6701563734	0.3561239503	0.5308020415
614	0.6700546422	0.3563194188	0.5307135545
615	0.6699138478	0.3565898957	0.5306020574
616	0.6697329293	0.3569373704	0.5304528986
617	0.6696610936	0.3570753131	0.5303883856
618	0.6694801579	0.3574226897	0.5302100945
619	0.6694039923	0.3575688912	0.530124156
620	0.6693564855	0.3576600732	0.5300756194
621	0.6689886745	0.3583658101	0.5297426619
622	0.668953827	0.3584326536	0.5297031917
623	0.6687934984	0.3587401464	0.5295813137
624	0.6687693962	0.3587863654	0.5295578361
625	0.6686835115	0.3589510467	0.5294668824
626	0.6685992133	0.3591126653	0.5293862637
627	0.6685133372	0.3592772883	0.5293099473
628	0.6683280832	0.3596323447	0.5291408477
629	0.6682527518	0.3597766963	0.5290786814
630	0.6682017566	0.3598744049	0.5290489932
631	0.6681431185	0.3599867487	0.5289859713
632	0.668084993	0.3600981004	0.5289323955
633	0.6678747573	0.3605007708	0.5287723023
634	0.6677268488	0.3607839884	0.5286576457
635	0.6676853439	0.3608634513	0.5286099812
636	0.6675873551	0.3610510355	0.5285171353
637	0.6675698077	0.3610846245	0.5284983918
638	0.6674908757	0.3612357034	0.5284103973
639	0.6674129455	0.3613848474	0.5283314789
640	0.6672310135	0.3617329639	0.5281781392
641	0.667127286	0.3619313979	0.5280911922
642	0.6670240586	0.3621288447	0.5280087812
643	0.6669027622	0.3623608136	0.5279073459
644	0.6668286964	0.3625024374	0.5278295248
645	0.6667012232	0.3627461465	0.5276883584
646	0.6665302385	0.3630729695	0.5275304935
647	0.6663625569	0.3633933977	0.5273887174
648	0.666280098	0.3635509415	0.5273129373
649	0.6660432644	0.3640033209	0.5271248744
650	0.6659473379	0.3641865058	0.5270099933
651	0.6658709603	0.3643323407	0.5269487476
652	0.6658468964	0.3643782845	0.5269287189
653	0.6657525019	0.3645584908	0.5268405006
654	0.6657248564	0.3646112635	0.5268169804
655	0.6654104273	0.3652113238	0.5265498565
656	0.6653392572	0.3653471063	0.5264947038
657	0.6652335953	0.3655486676	0.5264102401
658	0.6650938157	0.3658152628	0.5263026136
659	0.6648949602	0.3661944341	0.5261139654
660	0.6647729457	0.3664270315	0.5259961596
661	0.6645109276	0.3669263745	0.5257712207
662	0.6644635752	0.3670165956	0.5257300771
663	0.6643968019	0.3671438088	0.5256601521
664	0.6642312177	0.3674592165	0.525502444
665	0.6639860259	0.3679261177	0.5253233163
666	0.6639411973	0.3680114629	0.5252875523
667	0.6638976923	0.3680942829	0.5252479976
668	0.6637561362	0.3683637237	0.525136547
669	0.6636341313	0.3685959043	0.5250178976
670	0.6634206114	0.3690021391	0.5247946253
671	0.6633343227	0.3691662717	0.5247183127
672	0.6632653239	0.3692975011	0.5246386433
673	0.6631626408	0.3694927697	0.5245439664
674	0.663060422	0.3696871255	0.5244283581
675	0.6627236037	0.3703273296	0.5241590108
676	0.6625798044	0.3706005555	0.5240466709
677	0.6624552463	0.3708371743	0.5239504434
678	0.6623419674	0.3710523279	0.5238186065
679	0.6622495681	0.371227797	0.5237341886
680	0.6621673975	0.3713838208	0.5236431239
681	0.6620471787	0.3716120552	0.5235427053
682	0.6619326258	0.371829494	0.5234371586
683	0.6618478971	0.3719902979	0.5233698582
684	0.6617953583	0.3720899994	0.5233280654
685	0.6617462375	0.3721832073	0.5232767661
686	0.6616185182	0.3724255255	0.5231824198
687	0.6614890727	0.3726710711	0.5230365678
688	0.6614304056	0.3727823409	0.5229917879
689	0.6613452993	0.3729437388	0.5229107334
690	0.6612293611	0.3731635739	0.5228240031
691	0.6610577659	0.3734888714	0.5226892344
692	0.6609286006	0.3737336779	0.5225805185
693	0.6605566738	0.3744383219	0.5222839326
694	0.6604155794	0.3747055324	0.5221799929
695	0.6603317056	0.374864349	0.5220986515
696	0.6602479731	0.375022878	0.5220270684
697	0.6601250086	0.3752556476	0.5219231681
698	0.6599851419	0.3755203602	0.5217909128
699	0.6598605929	0.3757560351	0.5216903275
700	0.6598148589	0.3758425629	0.5216491073
701	0.6593379243	0.3767445574	0.5212423348
702	0.6591508007	0.3770982736	0.5210763866
703	0.6590206564	0.3773442237	0.5209427464
704	0.6589267034	0.3775217484	0.5208730448
705	0.6587759614	0.3778065234	0.5207485457
706	0.658715593	0.3779205503	0.5206920801
707	0.6585674233	0.3782003765	0.5205640042
708	0.6583398188	0.378630097	0.5203393085
709	0.6580577321	0.3791624743	0.5201000207
710	0.657937716	0.3793889096	0.5200103215
711	0.6578556221	0.3795437728	0.5199235315
712	0.6578340422	0.3795844784	0.5199016108
713	0.6574392829	0.3803288645	0.5195225877
714	0.6573410777	0.380513978	0.5194506568
715	0.6572773817	0.3806340278	0.519391438
716	0.6572032999	0.3807736376	0.5193392736
717	0.6571621189	0.3808512378	0.5192985132
718	0.656859993	0.381420406	0.5190405349
719	0.6567892476	0.3815536437	0.5189710134
720	0.656685803	0.3817484396	0.5188556866
721	0.6565761555	0.3819548826	0.5187421293
722	0.6563537664	0.3823734882	0.5185812616
723	0.6560910791	0.3828677648	0.5183510014
724	0.6558877228	0.3832502675	0.5181976782
725	0.6558354134	0.3833486396	0.5181564771
726	0.655753775	0.3835021515	0.5180844469
727	0.6556595258	0.3836793529	0.5179986777
728	0.6554790669	0.3840185694	0.5178398418
729	0.6554041571	0.384159353	0.517766922
730	0.6550847423	0.3847594735	0.5174959603
731	0.6549095196	0.3850885597	0.517321453
732	0.6547822854	0.3853274634	0.5172172158
733	0.6546337945	0.3856062216	0.5171006887
734	0.6544558649	0.3859401608	0.51694856
735	0.6544171791	0.3860127547	0.5169198172
736	0.6542940389	0.386243798	0.5167995641
737	0.6541669868	0.3864821356	0.5166762326
738	0.6540801018	0.386645097	0.5166133291
739	0.6539638918	0.3868630264	0.5165190172
740	0.653884669	0.3870115711	0.5164528906
741	0.6537751163	0.3872169558	0.5163613673
742	0.6537352201	0.3872917429	0.5163299383
743	0.6536322774	0.3874846922	0.5162100042
744	0.6533450799	0.3880228363	0.5159815358
745	0.6533015577	0.3881043667	0.5159449333
746	0.6532111038	0.388273797	0.5158584368
747	0.653041616	0.3885912033	0.5157064519
748	0.6529578274	0.388748087	0.5156277759
749	0.6528856112	0.3888832867	0.5155668529
750	0.652731996	0.389170828	0.5154497285
751	0.6525764508	0.3894619129	0.5153179683
752	0.6523855948	0.3898189831	0.515168937
753	0.6522404569	0.39009045	0.5150422766
754	0.6521715386	0.390219334	0.5149790138
755	0.6520871533	0.3903771244	0.5148998417
756	0.6520185785	0.3905053361	0.5148437806
757	0.6519648742	0.3906057354	0.5148025526
758	0.6517598085	0.3909890268	0.5146132581
759	0.6517125021	0.3910774306	0.5145636365
760	0.6516434773	0.3912064094	0.5145058655
761	0.6514930981	0.3914873584	0.5143555395
762	0.651410054	0.3916424797	0.5142875737
763	0.6513302054	0.3917916131	0.514189987
764	0.6510596251	0.3922968407	0.5139685126
765	0.6510300508	0.3923520491	0.513935911
766	0.650571251	0.3932082018	0.5135520798
767	0.6504273219	0.3934766591	0.5134162543
768	0.6503111523	0.3936932961	0.5133134899
769	0.6501264402	0.3940376737	0.5131473295
770	0.6500477476	0.3941843586	0.5130765584
771	0.6499395311	0.3943860476	0.5129728062
772	0.6499165732	0.3944288312	0.5129502803
773	0.6497760545	0.3946906646	0.5128332321
774	0.649636092	0.3949514051	0.5127122678
775	0.6494632215	0.3952733734	0.5125538712
776	0.649240502	0.3956880584	0.5123684784
777	0.6491240798	0.3959047702	0.512279036
778	0.6490263863	0.3960865897	0.5122010295
779	0.6489638037	0.3962030492	0.5121310175
780	0.6486168302	0.3968485259	0.5118179609
781	0.6485211858	0.3970263931	0.5117231095
782	0.6484266456	0.3972021811	0.5116290512
783	0.648341596	0.3973603003	0.5115370487
784	0.6482444099	0.3975409575	0.5114305451
785	0.6480639392	0.397876359	0.5112985063
786	0.6479999351	0.397995287	0.5112509464
787	0.6479287565	0.3981275324	0.5112033741
788	0.6478591114	0.3982569146	0.5111226092
789	0.6478010698	0.39836473	0.5110636835
790	0.6474742992	0.3989715432	0.5108164314
791	0.6474113248	0.3990884515	0.5107644002
792	0.6473008103	0.3992935878	0.5106570536
793	0.647245178	0.3993968387	0.5106097212
794	0.6471534184	0.399567121	0.5105350146
795	0.6470659882	0.3997293466	0.5104742202
796	0.6468745049	0.4000845648	0.5103088843
797	0.6467387042	0.4003364231	0.510185762
798	0.6466286326	0.400540525	0.5100928476
799	0.6465162031	0.4007489633	0.5099935035
800	0.6463629425	0.401033042	0.509884482
801	0.6462019086	0.4013314562	0.5097621921
802	0.6461594082	0.4014102019	0.5097205504
803	0.6461252608	0.4014734673	0.5096977061
804	0.6460054584	0.4016954004	0.5095985335
805	0.645658517	0.4023378744	0.5093200154
806	0.6455723729	0.4024973445	0.5092597842
807	0.6454184492	0.4027822356	0.5091375572
808	0.645360804	0.4028889112	0.5090885609
809	0.6452698454	0.4030572156	0.5089835715
810	0.6450731885	0.4034210169	0.5088165506
811	0.6448281501	0.4038741656	0.5086139475
812	0.6447477702	0.4040227743	0.508537048
813	0.6445823356	0.4043285763	0.5083970158
814	0.6445581012	0.4043733665	0.5083687454
815	0.6444446446	0.4045830351	0.5082673688
816	0.6444052549	0.4046558191	0.5082272163
817	0.6441902307	0.4050530599	0.5080585103
818	0.6441444194	0.4051376756	0.5080110589
819	0.6440200337	0.405367392	0.5079103228
820	0.6439548829	0.4054876951	0.5078509915
821	0.6438769187	0.4056316427	0.5077873841
822	0.6437159114	0.40592886	0.5076536021
823	0.6434656074	0.4063907702	0.5074659191
824	0.6432820333	0.4067294231	0.5073276495
825	0.6431999795	0.4068807625	0.5072644889
826	0.6431172338	0.4070333586	0.5071741035
827	0.6429778222	0.4072904112	0.5070645469
828	0.6428081674	0.4076031523	0.5069370138
829	0.6427264972	0.4077536734	0.506861634
830	0.642630225	0.4079310819	0.5067775906
831	0.6425754	0.4080321004	0.5067249143
832	0.6422741585	0.4085870034	0.5064829316
833	0.6421990526	0.4087253121	0.5064097132
834	0.6420983349	0.4089107596	0.5063300218
835	0.6420003631	0.4090911235	0.5062380235
836	0.6418827718	0.4093075701	0.5061211795
837	0.6417969033	0.4094656003	0.5060139766
838	0.6415779758	0.4098684137	0.5058284871
839	0.6415312826	0.4099543085	0.5057684767
840	0.6413309577	0.4103227469	0.5056111849
841	0.6411900598	0.4105818181	0.5054863734
842	0.6410551684	0.4108297915	0.5053754394
843	0.6409884496	0.4109524228	0.5053211596
844	0.6408543916	0.4111987869	0.5052051913
845	0.6407262135	0.4114342971	0.5050898042
846	0.6406770828	0.4115245557	0.5050487115
847	0.6406134995	0.4116413552	0.5050017253
848	0.64050958	0.4118322254	0.5049186555
849	0.6404431878	0.4119541523	0.5048626886
850	0.6403172263	0.4121854417	0.5047614858
851	0.640234691	0.4123369677	0.5047056441
852	0.6399037956	0.4129442598	0.5044337224
853	0.6398569389	0.4130302305	0.5043823546
854	0.6398063234	0.4131230905	0.5043315201
855	0.639752526	0.4132217802	0.5042875644
856	0.6395121435	0.4136626529	0.5041000044
857	0.6392913477	0.4140674568	0.5039272698
858	0.6392100557	0.4142164612	0.5038595771
859	0.6391097754	0.414400244	0.5037745461
860	0.6390176195	0.414569112	0.5037035948
861	0.6390000408	0.4146013206	0.5036893808
862	0.6388206303	0.4149299964	0.5035431737
863	0.6386947684	0.4151605175	0.5034471262
864	0.6385456152	0.4154336386	0.5032986123
865	0.6382421802	0.415989075	0.5030382343
866	0.6381186635	0.416215096	0.5029425197
867	0.6379033095	0.4166090641	0.5027590411
868	0.6377257818	0.4169337329	0.5026107421
869	0.6376030369	0.4171581601	0.5024933282
870	0.6375617621	0.4172336175	0.5024669211
871	0.6374627759	0.4174145611	0.5023828371
872	0.6373913995	0.4175450174	0.5023120677
873	0.6373136813	0.4176870481	0.5022476088
874	0.6372042005	0.4178870959	0.5021445914
875	0.6371775847	0.4179357243	0.5021223763
876	0.6371107417	0.4180578406	0.5020422494
877	0.6369293281	0.4183892028	0.5018945221
878	0.6367688258	0.4186822905	0.5017649781
879	0.6365632872	0.4190575097	0.5015957083
880	0.6364712519	0.4192254847	0.5015053957
881	0.6364064474	0.4193437458	0.5014400141
882	0.6362291314	0.4196672664	0.5012997996
883	0.6361126464	0.4198797492	0.5012049577
884	0.6360262165	0.4200373827	0.5011277461
885	0.6357791902	0.4204877986	0.5009227437
886	0.6356954809	0.4206403906	0.5008595224
887	0.6356018622	0.4208110223	0.5007547199
888	0.6355217877	0.420956948	0.500677835
889	0.6354380685	0.4211094961	0.5006026574
890	0.6353500254	0.4212699014	0.5005276632
891	0.6352222823	0.4215025962	0.5004189313
892	0.6351840426	0.4215722439	0.5003775548
893	0.635145484	0.4216424683	0.5003327293
894	0.635073288	0.4217739429	0.500259473
895	0.6348409799	0.4221968925	0.5000643119
896	0.6347471044	0.4223677623	0.499988553
897	0.6345114067	0.4227966617	0.4997922977
898	0.6344331948	0.4229389487	0.4996921828
899	0.6342479814	0.4232758283	0.4995528362
900	0.6341711284	0.4234155854	0.4994939227
901	0.6341270733	0.4234956919	0.4994485373
902	0.6340119629	0.4237049736	0.4993648351
903	0.6337174477	0.4242402577	0.4990989612
904	0.63367966	0.4243089191	0.4990634887
905	0.6335610614	0.42452439	0.4989594479
906	0.6334750142	0.4246806959	0.4988827195
907	0.6333670371	0.424876808	0.4987806461
908	0.6332926748	0.425011848	0.4987128861
909	0.6332342782	0.4251178837	0.4986496731
910	0.6330533883	0.4254462788	0.4984887834
911	0.6329421631	0.4256481552	0.4983976032
912	0.6327669015	0.425966187	0.4982509844
913	0.6327203543	0.4260506373	0.4982132717
914	0.6325549492	0.4263506805	0.4980780541
915	0.6324319833	0.4265736887	0.4979820085
916	0.6323394615	0.4267414555	0.4979123231
917	0.6321087581	0.4271596757	0.4977205476
918	0.6320359206	0.4272916843	0.4976552818
919	0.6319125377	0.427515265	0.497546443
920	0.6318447793	0.4276380306	0.4974819023
921	0.6317269562	0.4278514727	0.4973913272
922	0.6315907848	0.4280981041	0.4972846408
923	0.6315063627	0.4282509815	0.4972256667
924	0.631420948	0.4284056354	0.4971604735
925	0.6313512432	0.4285318291	0.4970976891
926	0.6312628219	0.4286918872	0.4970143863
927	0.630842788	0.4294519158	0.4966707276
928	0.6307488843	0.4296217604	0.4965959324
929	0.6304355096	0.430188381	0.4963446018
930	0.630381416	0.4302861607	0.4962955157
931	0.6302874379	0.4304560154	0.4962010822
932	0.6301022251	0.4307906922	0.4960314827
933	0.6300336097	0.4309146544	0.4959762433
934	0.6299116072	0.4311350334	0.4958635598
935	0.6298403924	0.4312636524	0.4958055401
936	0.6297376588	0.4314491712	0.4957067907
937	0.6296949646	0.4315262605	0.495669644
938	0.629392634	0.4320720032	0.4954049813
939	0.629290263	0.4322567357	0.4953156978
940	0.6291153034	0.4325723876	0.4951877737
941	0.6289744466	0.4328264494	0.4950728658
942	0.6288153623	0.4331133195	0.494925348
943	0.628685773	0.433346949	0.4948098052
944	0.6285488132	0.4335938139	0.4947023678
945	0.6284926645	0.4336950043	0.4946636537
946	0.628374817	0.433907358	0.4945651574
947	0.6283262203	0.4339949144	0.4945283875
948	0.6281129476	0.4343790873	0.4943571129
949	0.6280122138	0.434560496	0.4942737117
950	0.6278921522	0.4347766736	0.4941794881
951	0.6276877204	0.4351446694	0.4940257618
952	0.6274236496	0.4356198434	0.4938039508
953	0.6272768842	0.4358838492	0.493705276
954	0.6270374976	0.4363143324	0.4935149489
955	0.6268680069	0.4366190241	0.4933922027
956	0.6267229994	0.4368796373	0.4932649974
957	0.6266035515	0.4370942684	0.4931591372
958	0.626532969	0.4372210762	0.4930845419
959	0.6264398806	0.4373882958	0.4929932303
960	0.6263793164	0.437497077	0.4929400117
961	0.6262445112	0.4377391674	0.4928271725
962	0.6261217452	0.4379595916	0.4927390337
963	0.6260214978	0.4381395519	0.492651595
964	0.6259316263	0.4383008616	0.4925806543
965	0.6257626902	0.4386040207	0.492427271
966	0.6257123597	0.438694324	0.4923849805
967	0.6256696155	0.4387710102	0.4923469058
968	0.6255295037	0.4390223441	0.4922317526
969	0.6253843666	0.4392826331	0.492099646
970	0.6252086213	0.4395977341	0.491944188
971	0.6251091388	0.4397760611	0.4918577703
972	0.6250152549	0.4399443261	0.4917816435
973	0.6246950461	0.4405180363	0.4915169351
974	0.6245013052	0.4408650145	0.491349179
975	0.6244560286	0.4409460864	0.4913016973
976	0.6243708627	0.4410985684	0.4912326677
977	0.6242898084	0.4412436694	0.4911721913
978	0.6242072936	0.4413913655	0.4911036226
979	0.6240051335	0.4417531367	0.4909147503
980	0.6238868335	0.4419647835	0.4908362248
981	0.623789083	0.4421396354	0.4907521163
982	0.6237041246	0.4422915834	0.4906898957
983	0.6235360212	0.4425921747	0.490562932
984	0.6233936278	0.4428467299	0.4904241253
985	0.6232198174	0.4431573699	0.4902828313
986	0.6230483981	0.4434636517	0.490134625
987	0.6229903966	0.4435672663	0.4900877771
988	0.6229150694	0.4437018172	0.4900032077
989	0.6225249773	0.4443983475	0.4896758828
990	0.6224132634	0.4445977382	0.4895778871
991	0.6223429821	0.4447231604	0.489524231
992	0.6222412124	0.4449047507	0.4894500872
993	0.6221822055	0.4450100245	0.4893973885
994	0.6218813238	0.445546671	0.4891458516
995	0.6218127143	0.4456690053	0.4890916079
996	0.6216163965	0.4460189752	0.4889232811
997	0.6214815197	0.4462593519	0.4888178154
998	0.6213523834	0.4464894492	0.4887113673
999	0.6212574382	0.4466585937	0.4886407017
1000	0.6211127818	0.4469162488	0.4885150607
1001	0.6210192573	0.4470827982	0.4884314743
1002	0.620936125	0.4472308199	0.488349324
1003	0.6208207508	0.4474362175	0.4882532709
1004	0.6206998815	0.4476513569	0.4881465244
1005	0.6205921	0.4478431656	0.4880565653
1006	0.6204850998	0.4480335507	0.487963446
1007	0.6204185762	0.4481518996	0.4879160992
1008	0.6203368622	0.4482972554	0.4878467179
1009	0.6202561013	0.448440897	0.4877605211
1010	0.6201733499	0.4485880598	0.4876720283
1011	0.6201400697	0.4486472386	0.4876503917
1012	0.6200776135	0.4487582898	0.487594484
1013	0.6199523369	0.4489810062	0.4874874107
1014	0.619875178	0.4491181567	0.4874153066
1015	0.6197215034	0.4493912634	0.4872797994
1016	0.619635989	0.4495432083	0.4872028806
1017	0.6195181093	0.4497526265	0.4871010434
1018	0.6193903798	0.4499794981	0.4869742059
1019	0.6192565612	0.450217135	0.4868759842
1020	0.6189324567	0.4507924716	0.4865932729
1021	0.6188697383	0.4509037719	0.4865448936
1022	0.6187570592	0.4511037042	0.4864549356
1023	0.6185629228	0.451448085	0.4862919429
1024	0.6183207252	0.4518775707	0.4860862254
1025	0.6181264279	0.4522219939	0.4859118296
1026	0.6180895524	0.4522873493	0.4858757918
1027	0.6180324399	0.4523885638	0.4858218481
1028	0.6179576504	0.4525210912	0.4857565578
1029	0.6177772642	0.4528406703	0.4856242889
1030	0.6177146373	0.4529516009	0.4855489534
1031	0.6176023795	0.4531504139	0.485447211
1032	0.6174952958	0.4533400298	0.4853549223
1033	0.6173772367	0.4535490419	0.4852578498
1034	0.6172943049	0.4536958408	0.4851883878
1035	0.6172190093	0.4538291055	0.4851343173
1036	0.6169518885	0.4543017483	0.4849245242
1037	0.6168708202	0.4544451498	0.4848498681
1038	0.6167232372	0.4547061607	0.4847438491
1039	0.6165517445	0.455009379	0.4846056989
1040	0.6163206981	0.4554177618	0.4844330301
1041	0.6161298809	0.4557549224	0.4842924025
1042	0.6159712115	0.4560352008	0.4841757275
1043	0.6158597849	0.4562319849	0.4840823738
1044	0.6156512153	0.4566002318	0.4839148636
1045	0.6155762023	0.4567326431	0.4838467856
1046	0.6155381016	0.4567998914	0.4838105108
1047	0.6152824538	0.4572510059	0.4836022228
1048	0.6152283156	0.4573465137	0.4835469039
1049	0.6151485888	0.4574871484	0.4834729424
1050	0.6150419303	0.457675261	0.4833824309
1051	0.6149354104	0.4578630965	0.4832910199
1052	0.6146644967	0.4583406751	0.4830862399
1053	0.6144980466	0.4586339962	0.4829580629
1054	0.6143244224	0.458939875	0.4828199964
1055	0.6142201499	0.4591235333	0.4827289701
1056	0.6138398801	0.45979305	0.4824459479
1057	0.6137636571	0.4599272012	0.4823731406
1058	0.6137192793	0.4600052976	0.4823299118
1059	0.6136397294	0.4601452759	0.4822578537
1060	0.6136329123	0.4601572706	0.4822509852
1061	0.6132692828	0.4607968863	0.481944944
1062	0.6131838991	0.4609470192	0.4818820025
1063	0.6130439326	0.4611930816	0.481770323
1064	0.6128985867	0.4614485415	0.4816383117
1065	0.6128031265	0.4616162894	0.4815572792
1066	0.6127150362	0.4617710634	0.4814951101
1067	0.6125764853	0.4620144512	0.4813713524
1068	0.6125054299	0.4621392505	0.4813030869
1069	0.6124076035	0.4623110458	0.4812117048
1070	0.6124011395	0.4623223963	0.4812073282
1071	0.6122831798	0.4625295096	0.4811077944
1072	0.6121533447	0.4627574274	0.4809956124
1073	0.6119482352	0.4631173865	0.4808065408
1074	0.6117716425	0.4634272031	0.4806511682
1075	0.6116780522	0.463591363	0.4805665733
1076	0.6115599302	0.4637985163	0.4804722936
1077	0.6115271209	0.4638560476	0.4804378855
1078	0.6114656035	0.4639639104	0.4803803681
1079	0.6113538592	0.4641598119	0.4802892618
1080	0.6112518143	0.4643386779	0.4801981109
1081	0.6111986684	0.464431821	0.4801667466
1082	0.6111400352	0.4645345718	0.4801304261
1083	0.6111276035	0.4645563562	0.4801164484
1084	0.6109274102	0.4649071004	0.479955033
1085	0.6108392997	0.4650614358	0.4798752854
1086	0.6106694804	0.4653588308	0.4797365451
1087	0.6105826474	0.4655108645	0.4796566766
1088	0.6104019788	0.4658271235	0.4795101551
1089	0.6103399201	0.4659357351	0.4794596625
1090	0.61032678	0.4659587308	0.4794481926
1091	0.609992862	0.4665429333	0.4791900056
1092	0.6099100202	0.4666878187	0.4791165069
1093	0.6097485171	0.4669702216	0.478975806
1094	0.6096123684	0.467208232	0.4788828112
1095	0.6095751606	0.4672732679	0.4788501102
1096	0.609484992	0.4674308587	0.4787795215
1097	0.6094401541	0.4675092146	0.4787403532
1098	0.6093390474	0.4676858815	0.4786415079
1099	0.609267574	0.4678107514	0.4785833247
1100	0.6092419487	0.4678555174	0.4785600804
1101	0.6091614642	0.4679961069	0.4784878763
1102	0.6091221771	0.4680647265	0.4784448862
1103	0.6090102579	0.4682601826	0.4783540886
1104	0.6089014404	0.4684501874	0.478271008
1105	0.608869234	0.468506416	0.4782291586
1106	0.6086813872	0.4688343155	0.4780779429
1107	0.6085766343	0.4690171251	0.4779809635
1108	0.6084723082	0.4691991584	0.4778930773
1109	0.6083962769	0.469331802	0.4778305569
1110	0.6083596246	0.4693957393	0.4777915169
1111	0.6082712317	0.4695499186	0.4777217598
1112	0.6081358424	0.4697860281	0.4776172957
1113	0.6080612534	0.4699160835	0.4775544287
1114	0.6079919418	0.4700369229	0.4774930551
1115	0.6079329112	0.4701398273	0.4774404704
1116	0.6078952183	0.4702055297	0.4774062485
1117	0.6077163506	0.4705172585	0.4772755672
1118	0.6075354867	0.4708323726	0.4771269493
1119	0.6074957331	0.4709016219	0.4770643573
1120	0.6074022137	0.4710645107	0.4769720958
1121	0.6072736273	0.4712884371	0.4768611627
1122	0.6070882323	0.4716112093	0.4766935962
1123	0.606910932	0.4719197965	0.4765493952
1124	0.6067752751	0.4721558433	0.4764308649
1125	0.6067250701	0.4722431881	0.4763904816
1126	0.6066620131	0.4723528821	0.4763329229
1127	0.6066263306	0.4724149503	0.4762928379
1128	0.6065220688	0.4725962885	0.4762059973
1129	0.6064342639	0.4727489795	0.4761419346
1130	0.6062705243	0.4730336607	0.4759882537
1131	0.6061689326	0.4732102515	0.4758977631
1132	0.6061534994	0.4732370756	0.4758793849
1133	0.606115476	0.4733031602	0.4758446817
1134	0.6060531918	0.473411401	0.4758001289
1135	0.6058528071	0.4737595646	0.4756208081
1136	0.6057911325	0.4738666995	0.4755722702
1137	0.6057226423	0.4739856612	0.475505724
1138	0.6056719331	0.4740737301	0.4754616628
1139	0.6053450351	0.4746412909	0.4751965912
1140	0.605219082	0.4748598893	0.4750924119
1141	0.6051430115	0.4749918915	0.4750283889
1142	0.6050457596	0.4751606249	0.4749495929
1143	0.6050067329	0.4752283292	0.4749160411
1144	0.6049428003	0.4753392313	0.4748631667
1145	0.6048422001	0.4755137158	0.4747845221
1146	0.6047091473	0.4757444427	0.4746724067
1147	0.6046514247	0.4758445237	0.4746292816
1148	0.6045002609	0.4761065703	0.4745162372
1149	0.6044008459	0.4762788733	0.4744388536
1150	0.6042320112	0.4765714273	0.4743129523
1151	0.6041920333	0.4766406885	0.4742732659
1152	0.6041905941	0.4766431817	0.4742700714
1153	0.6039473488	0.4770645006	0.4740813761
1154	0.6038977857	0.4771503267	0.4740355734
1155	0.6038568758	0.4772211632	0.4740011491
1156	0.6036972701	0.4774974785	0.4738675942
1157	0.6036281805	0.4776170665	0.4738235107
1158	0.6034251358	0.4779684392	0.4736669988
1159	0.6033096476	0.478168241	0.473579648
1160	0.6032294741	0.4783069237	0.4735038395
1161	0.6031428341	0.4784567712	0.4734284759
1162	0.6030825207	0.4785610732	0.4733570587
1163	0.6029579922	0.4787763913	0.4732577951
1164	0.602880096	0.4789110564	0.473195781
1165	0.6027532982	0.4791302243	0.473084544
1166	0.6026104581	0.4793770659	0.4729836456
1167	0.602533106	0.4795107134	0.4729263209
1168	0.6024780945	0.4796057508	0.4728783726
1169	0.6024129413	0.4797182978	0.4728165845
1170	0.6023427327	0.4798395637	0.472753873
1171	0.6022808219	0.479946486	0.4727055129
1172	0.6022404079	0.4800162764	0.4726663013
1173	0.6021395963	0.4801903464	0.4725712917
1174	0.6020829166	0.4802882018	0.4725188832
1175	0.6019375547	0.4805391212	0.4724070285
1176	0.6018686925	0.480657968	0.4723534621
1177	0.6015665229	0.481179311	0.4720823003
1178	0.6015662019	0.4811798647	0.4720813492
1179	0.6014985374	0.4812965725	0.4720296161
1180	0.6014067356	0.4814548913	0.4719400713
1181	0.6012524666	0.4817208848	0.4718069792
1182	0.6011973366	0.4818159245	0.471756615
1183	0.6010442065	0.4820798627	0.4716299195
1184	0.6008968458	0.4823337933	0.4714946086
1185	0.600594165	0.4828551744	0.471277062
1186	0.6004472168	0.4831082044	0.4711666197
1187	0.6003406786	0.4832916138	0.471066676
1188	0.6001934922	0.4835449472	0.4709567339
1189	0.6000454138	0.483799753	0.470836423
1190	0.5999881143	0.4838983343	0.4707915559
1191	0.5999050548	0.4840412177	0.4707241985
1192	0.5998697118	0.4841020106	0.4706952566
1193	0.5997054875	0.4843844432	0.4705662071
1194	0.5996000507	0.4845657325	0.4704769402
1195	0.599525115	0.4846945583	0.4704237145
1196	0.5994824572	0.4847678865	0.4703817527
1197	0.599384207	0.4849367572	0.4703050808
1198	0.5992539654	0.4851605714	0.4702045958
1199	0.5991571273	0.4853269518	0.4701051424
1200	0.599028503	0.4855479034	0.4699887896
1201	0.5989593551	0.4856666664	0.469923649
1202	0.5989355054	0.4857076256	0.4698965768
1203	0.5988790912	0.4858045042	0.4698462745
1204	0.5987462069	0.4860326668	0.4697326726
1205	0.5985756729	0.4863254	0.469588595
1206	0.5983707733	0.4866770137	0.4694257949
1207	0.5983032629	0.4867928373	0.4693625612
1208	0.5981516676	0.4870528723	0.469240472
1209	0.5979437392	0.4874094299	0.4690852411
1210	0.5978719839	0.4875324477	0.4690238624
1211	0.5975736825	0.4880436998	0.4687875787
1212	0.5974676388	0.4882253844	0.4686850549
1213	0.5972905428	0.4885287306	0.4685436407
1214	0.597198048	0.4886871284	0.4684609022
1215	0.597075151	0.4888975523	0.468360666
1216	0.5970018928	0.4890229641	0.4683036891
1217	0.5969039065	0.4891906843	0.468218767
1218	0.5967817231	0.4893997834	0.4681089736
1219	0.5967444309	0.4894635951	0.4680767851
1220	0.5965989502	0.4897124928	0.4679605794
1221	0.5964693797	0.4899341191	0.4678635497
1222	0.5963502292	0.4901378798	0.4677532221
1223	0.5962851004	0.4902492403	0.4677078768
1224	0.5962066428	0.4903833747	0.4676476098
1225	0.59610111	0.4905637702	0.4675529146
1226	0.5960000249	0.490736533	0.4674610562
1227	0.5958888721	0.4909264686	0.4673669141
1228	0.5958614906	0.4909732521	0.4673466712
1229	0.595810473	0.4910604138	0.4672959467
1230	0.5956510126	0.4913327987	0.4671638109
1231	0.5955587418	0.4914903792	0.4670988643
1232	0.595501362	0.4915883603	0.4670498142
1233	0.5953799089	0.4917957214	0.4669549544
1234	0.595315183	0.4919062128	0.4668970837
1235	0.5952117293	0.4920827903	0.4668131803
1236	0.5950437731	0.4923693968	0.466674632
1237	0.5950049678	0.4924356041	0.4666312361
1238	0.5949901374	0.4924609057	0.4666218117
1239	0.5947357778	0.4928947612	0.4664213972
1240	0.5946180156	0.4930955626	0.4662990764
1241	0.5945345184	0.4932379134	0.4662315818
1242	0.5943640282	0.4935285123	0.4660946844
1243	0.5943154566	0.493611287	0.4660473468
1244	0.5942147676	0.4937828573	0.4659592355
1245	0.594079977	0.49401249	0.4658465079
1246	0.5939467478	0.4942394114	0.4657500819
1247	0.593909459	0.4943029141	0.4657104395
1248	0.5937874532	0.4945106619	0.4656194137
1249	0.5937165798	0.4946313233	0.465565131
1250	0.593664302	0.4947203165	0.4655229399
1251	0.5934895616	0.4950177228	0.4653830887
1252	0.5933657368	0.4952284185	0.4652846629
1253	0.5933464558	0.4952612224	0.465268587
1254	0.5931769826	0.4955495107	0.465133333
1255	0.5930036024	0.4958443602	0.4649873845
1256	0.5928725515	0.4960671674	0.4648679946
1257	0.5927851914	0.4962156661	0.464795325
1258	0.5927083195	0.4963463183	0.4647062832
1259	0.5925042962	0.4966929962	0.4645516289
1260	0.5924569396	0.4967734477	0.4645086095
1261	0.5924288804	0.4968211129	0.4644800888
1262	0.5922885074	0.4970595361	0.4643587144
1263	0.5922028524	0.4972049929	0.4642895909
1264	0.5921896998	0.4972273264	0.4642803629
1265	0.5921106436	0.497361556	0.4642084455
1266	0.5919650264	0.4976087524	0.4640942954
1267	0.5918570846	0.4977919525	0.4639903014
1268	0.591732659	0.4980030879	0.4638883296
1269	0.5916332468	0.4981717466	0.4638033815
1270	0.5915704115	0.4982783357	0.4637466485
1271	0.5915079541	0.4983842727	0.4636982558
1272	0.5913167494	0.4987085145	0.4635452806
1273	0.5911667105	0.4989628744	0.4634354638
1274	0.5910984959	0.4990784969	0.4633740752
1275	0.5910948806	0.4990846245	0.4633692764
1276	0.5909612874	0.4993110224	0.4632606188
1277	0.5908672513	0.4994703529	0.4631860167
1278	0.5907687874	0.4996371585	0.4631015301
1279	0.5906894755	0.4997714989	0.4630375308
1280	0.590598977	0.4999247655	0.4629498789
1281	0.5905529782	0.5000026592	0.4629149347
1282	0.5904092526	0.5002460029	0.4627847284
1283	0.5902823765	0.5004607693	0.4626847475
1284	0.5902315275	0.5005468296	0.4626371663
1285	0.5901544876	0.5006772032	0.4625772489
1286	0.5901352719	0.5007097192	0.4625548299
1287	0.5900105807	0.5009206894	0.4624587554
1288	0.589816406	0.5012491332	0.4622980378
1289	0.5897890727	0.5012953583	0.4622709437
1290	0.5896848843	0.5014715388	0.4621768442
1291	0.5895424447	0.5017123508	0.4620521784
1292	0.5895069053	0.5017724256	0.462017625
1293	0.5894542897	0.5018613589	0.4619728627
1294	0.5894371833	0.5018902712	0.4619509008
1295	0.5892156098	0.5022646865	0.4617805069
1296	0.5891988945	0.5022929263	0.461769549
1297	0.5891056329	0.5024504735	0.461685942
1298	0.5890900208	0.5024768446	0.4616703835
1299	0.5890510376	0.50254269	0.461631382
1300	0.5890420764	0.5025578253	0.4616258089
1301	0.5889543599	0.5027059663	0.4615461543
1302	0.5889004917	0.5027969314	0.4615059543
1303	0.5888572676	0.502869916	0.4614607647
1304	0.5887622079	0.5030304073	0.4613769333
1305	0.5886877901	0.5031560303	0.4613125736
1306	0.5885873288	0.5033255915	0.461223888
1307	0.5885046266	0.503465157	0.4611468648
1308	0.5883076242	0.5037975321	0.4609833363
1309	0.5881922785	0.5039920875	0.4608903134
1310	0.588105192	0.5041389524	0.4608119415
1311	0.5880236806	0.5042763956	0.4607443044
1312	0.5879659604	0.5043737109	0.4607037151
1313	0.5878184391	0.5046223861	0.4605805512
1314	0.5876553388	0.50489725	0.4604427378
1315	0.587574839	0.5050328838	0.4603693784
1316	0.5875273352	0.5051129139	0.4603396306
1317	0.5874690484	0.5052111015	0.4602916357
1318	0.5873282662	0.5054482174	0.4601703335
1319	0.5872105112	0.5056465056	0.4600711085
1320	0.587090149	0.5058491428	0.4599768673
1321	0.5869158156	0.5061425704	0.4598388609
1322	0.5868592913	0.50623769	0.4597820808
1323	0.5868195545	0.5063045539	0.4597458786
1324	0.5866528965	0.5065849353	0.4595960993
1325	0.5866035979	0.5066678587	0.4595639964
1326	0.5864250821	0.5069680756	0.4594144716
1327	0.5863091636	0.5071629714	0.4593136347
1328	0.5861826052	0.5073757122	0.4592082977
1329	0.5860515444	0.507595973	0.4591105615
1330	0.5859628722	0.5077449676	0.4590323462
1331	0.5858961371	0.5078570867	0.4589649833
1332	0.5857938596	0.5080288944	0.4588717429
1333	0.5857753897	0.5080599174	0.4588577935
1334	0.5855819269	0.5083848076	0.4587038035
1335	0.5854941658	0.5085321533	0.4586259468
1336	0.5853452083	0.5087821934	0.4584978864
1337	0.5853017325	0.5088551599	0.4584627377
1338	0.5852318213	0.5089724822	0.4584052104
1339	0.5850855531	0.5092178985	0.4582810848
1340	0.585026899	0.5093162943	0.4582252442
1341	0.5847293956	0.5098152215	0.4579801758
1342	0.5846474627	0.5099525823	0.4579198685
1343	0.5845274408	0.5101537647	0.4578215979
1344	0.584405655	0.5103578615	0.4577201934
1345	0.5843493148	0.5104522658	0.4576693734
1346	0.58426133	0.510599676	0.4575963176
1347	0.5842256432	0.5106594595	0.4575472746
1348	0.5841420684	0.510799452	0.4574866949
1349	0.5840031482	0.511032107	0.4573562111
1350	0.5838675315	0.5112591759	0.4572398453
1351	0.5837016125	0.5115369097	0.4570995486
1352	0.5835913125	0.5117214985	0.45701092
1353	0.5834554398	0.5119488358	0.4568971287
1354	0.5833336133	0.5121526263	0.4567927188
1355	0.5832854705	0.5122331475	0.4567496274
1356	0.5831976289	0.5123800499	0.4566742274
1357	0.5830120919	0.5126902608	0.4565228374
1358	0.5829383113	0.5128135918	0.456458583
1359	0.5828108054	0.5130266928	0.4563484082
1360	0.582681636	0.5132425263	0.4562232301
1361	0.582594204	0.5133885924	0.4561486845
1362	0.5823959759	0.5137196758	0.4559904679
1363	0.5823457246	0.5138035883	0.4559542636
1364	0.5822472735	0.5139679666	0.4558704428
1365	0.5819656537	0.5144380183	0.4556478189
1366	0.5818604019	0.5146136358	0.4555666662
1367	0.5816916042	0.514895216	0.4554324344
1368	0.5816025536	0.5150437331	0.4553436592
1369	0.5815921487	0.5150610848	0.4553397362
1370	0.5814286771	0.5153336559	0.4551880827
1371	0.5811570763	0.5157863511	0.454973922
1372	0.5809534326	0.5161256391	0.4548198575
1373	0.58080079	0.5163798767	0.4546886664
1374	0.5806586315	0.5166165924	0.4545892162
1375	0.5805344993	0.516823244	0.4544761203
1376	0.5804326109	0.5169928317	0.4543893762
1377	0.5803694706	0.5170979106	0.4543317347
1378	0.5802816098	0.5172441104	0.4542531759
1379	0.5801762802	0.5174193489	0.4541760584
1380	0.5799856861	0.5177363626	0.4540113064
1381	0.5799287166	0.5178310994	0.453958915
1382	0.5798177635	0.5180155808	0.4538595989
1383	0.5796715987	0.5182585546	0.4537378446
1384	0.5795804843	0.5184099856	0.4536634677
1385	0.5793119933	0.518856076	0.4534361376
1386	0.5793019019	0.5188728386	0.4534264199
1387	0.5792279687	0.518995638	0.4533820921
1388	0.5792238579	0.5190024655	0.4533787647
1389	0.5790377708	0.5193114757	0.4532399091
1390	0.5788972497	0.5195447546	0.4531185448
1391	0.5788417503	0.5196368736	0.4530733448
1392	0.5787164913	0.5198447484	0.4529698149
1393	0.5786763934	0.5199112837	0.452937554
1394	0.5785781752	0.5200742399	0.4528535233
1395	0.5785346924	0.5201463744	0.452812713
1396	0.5782469989	0.5206234986	0.4525703718
1397	0.5781958053	0.5207083755	0.4525417264
1398	0.5781607382	0.5207665111	0.452507938
1399	0.5779916619	0.5210467626	0.4523800924
1400	0.5779225454	0.5211613025	0.4523370774
1401	0.5779127009	0.5211776157	0.4523292158
1402	0.5778331952	0.5213093537	0.4522550687
1403	0.5778321204	0.5213111343	0.452254447
1404	0.5777895297	0.521381698	0.4522170359
1405	0.5776187852	0.5216645323	0.45206423
1406	0.5775538428	0.521772086	0.451989389
1407	0.577494378	0.5218705573	0.4519380654
1408	0.5774142046	0.5220033054	0.4518735943
1409	0.5773332412	0.5221373426	0.4517948041
1410	0.5772187566	0.5223268432	0.4516966111
1411	0.5771665539	0.5224132393	0.4516390269
1412	0.5771275055	0.5224778596	0.4515998459
1413	0.5770424704	0.5226185673	0.4515357503
1414	0.5768858677	0.5228776439	0.4514253233
1415	0.576761665	0.5230830693	0.4513199003
1416	0.5765508693	0.5234316142	0.4511324033
1417	0.5765123114	0.5234953549	0.4510979457
1418	0.5763727163	0.5237260859	0.4509707209
1419	0.5762536129	0.523922903	0.4508751302
1420	0.5761997422	0.5240119103	0.4508388709
1421	0.5761744272	0.5240537339	0.4508032673
1422	0.5761475029	0.5240982142	0.4507838845
1423	0.5761110588	0.5241584185	0.450754014
1424	0.5760533618	0.524253724	0.4507070509
1425	0.5759594019	0.524408909	0.4506300899
1426	0.5757829628	0.524700249	0.4504863012
1427	0.5757178425	0.5248077545	0.4504400617
1428	0.5756509078	0.5249182427	0.4503874722
1429	0.5755407633	0.5251000286	0.4503057013
1430	0.5754197732	0.5252996744	0.4502113787
1431	0.5751987618	0.5256642571	0.4500438648
1432	0.5751755766	0.5257024955	0.4500256399
1433	0.5751220099	0.5257908351	0.4499746548
1434	0.5750181193	0.5259621428	0.4498753994
1435	0.5749235268	0.5261180917	0.4497903513
1436	0.5748571189	0.5262275592	0.44973104
1437	0.5747163814	0.5264595103	0.4496060903
1438	0.5745884805	0.526670256	0.4495152904
1439	0.5744893561	0.5268335537	0.4494403468
1440	0.5743884404	0.5269997733	0.4493639876
1441	0.5743568373	0.5270518213	0.4493467684
1442	0.5742775055	0.5271824622	0.449292289
1443	0.5741220109	0.527438473	0.4491650026
1444	0.5740426115	0.5275691717	0.4490975763
1445	0.5738150641	0.5279436356	0.4489180114
1446	0.573664406	0.5281914847	0.4487954704
1447	0.5735770519	0.5283351619	0.4487299296
1448	0.5734164049	0.528599332	0.4485955704
1449	0.5733939526	0.528636247	0.4485753964
1450	0.5733695918	0.5286762982	0.4485509285
1451	0.5733346044	0.5287338174	0.4485082452
1452	0.5733238025	0.528751575	0.4485015448
1453	0.5732218964	0.5289190853	0.4484225688
1454	0.5731498209	0.5290375429	0.4483597711
1455	0.5730125635	0.5292630873	0.448257738
1456	0.5729405846	0.5293813429	0.4481925678
1457	0.5729358851	0.5293890633	0.448188793
1458	0.5728215179	0.5295769275	0.4481016289
1459	0.5726080886	0.5299274149	0.4479323776
1460	0.5725007754	0.5301035922	0.4478525114
1461	0.5723985914	0.5302713181	0.4477635695
1462	0.5723410802	0.5303657045	0.4477198922
1463	0.5722799406	0.5304660352	0.447656912
1464	0.5721642364	0.5306558779	0.447565419
1465	0.572097072	0.5307660608	0.447504609
1466	0.5719656469	0.5309816257	0.4474036185
1467	0.5718375782	0.5311916379	0.4472915202
1468	0.5716458602	0.5315059367	0.4471291196
1469	0.5715499566	0.5316631195	0.447050696
1470	0.5715087274	0.5317306848	0.4470130289
1471	0.5712991743	0.5320740192	0.4468503818
1472	0.5712420473	0.5321675951	0.4468080125
1473	0.5711892174	0.5322541237	0.4467563451
1474	0.571100062	0.5324001307	0.4466666615
1475	0.5708494571	0.5328104164	0.4464543963
1476	0.5708090272	0.5328765905	0.4464057233
1477	0.5708074123	0.5328792337	0.4464043681
1478	0.5706940358	0.5330647787	0.4463043918
1479	0.5706854489	0.5330788301	0.4462961889
1480	0.5705769719	0.5332563197	0.4462101184
1481	0.5703694477	0.5335957761	0.4460419264
1482	0.5703243182	0.5336695802	0.4460006669
1483	0.5702594505	0.5337756533	0.4459597916
1484	0.5701983765	0.533875512	0.4459079732
1485	0.5701268809	0.5339923968	0.4458387128
1486	0.5699148108	0.534339014	0.4456679092
1487	0.5697393573	0.5346256859	0.445533992
1488	0.5696792566	0.5347238635	0.4454832553
1489	0.5695595134	0.5349194396	0.4453890558
1490	0.5694986949	0.5350187584	0.4453279499
1491	0.5694530743	0.5350932516	0.4452918683
1492	0.5694103095	0.535163076	0.4452610413
1493	0.5693004601	0.5353424094	0.445147539
1494	0.5692065368	0.5354957154	0.4450640268
1495	0.5689475717	0.5359182791	0.4448555036
1496	0.5688973599	0.5360001895	0.4448205817
1497	0.5688513549	0.536075231	0.4447766166
1498	0.5687642847	0.5362172397	0.4446988906
1499	0.5685714434	0.5365316803	0.4445294582
1500	0.5684859388	0.5366710673	0.4444557224
1501	0.5683713609	0.5368578155	0.4443590418
1502	0.5682654307	0.5370304357	0.444260266
1503	0.5681082497	0.5372865131	0.4441318246
1504	0.5680303056	0.5374134723	0.4440660086
1505	0.5679455428	0.5375515186	0.4439924723
1506	0.5678346352	0.5377321135	0.443895166
1507	0.567730564	0.5379015444	0.4438124193
1508	0.5676528495	0.5380280455	0.4437543953
1509	0.5675630868	0.5381741368	0.4436854713
1510	0.5673846769	0.5384644353	0.4435297038
1511	0.5672289602	0.5387177341	0.4433916235
1512	0.5671427244	0.538857981	0.4433069616
1513	0.5670759039	0.5389666377	0.4432478613
1514	0.5669080221	0.5392395734	0.4431179591
1515	0.5667887626	0.5394334118	0.4430160939
1516	0.566705546	0.5395686438	0.4429518099
1517	0.5666222203	0.5397040331	0.4428766034
1518	0.5665679581	0.5397921888	0.4428295978
1519	0.5665157587	0.5398769853	0.4427814927
1520	0.5664296721	0.5400168134	0.4427055621
1521	0.5663468916	0.5401512514	0.442633925
1522	0.5662748903	0.5402681678	0.4425603225
1523	0.5661835724	0.5404164291	0.4424746846
1524	0.5661574421	0.5404588492	0.4424375424
1525	0.5660836533	0.5405786279	0.4423672576
1526	0.5658787233	0.5409112012	0.4422022615
1527	0.5658486725	0.5409599594	0.4421737836
1528	0.5657791302	0.5410727837	0.4421182668
1529	0.5657325041	0.5411484215	0.4420773129
1530	0.5656668579	0.5412549033	0.4420240908
1531	0.5656238945	0.5413245857	0.4419892529
1532	0.5654433112	0.5416174159	0.4418366252
1533	0.5653312177	0.5417991375	0.4417396874
1534	0.5652724289	0.5418944291	0.4416921258
1535	0.5651812064	0.5420422734	0.4416174845
1536	0.5650248868	0.5422955653	0.4414975743
1537	0.5650227092	0.5422990931	0.441495407
1538	0.5649224377	0.5424615301	0.4414037921
1539	0.564827705	0.5426149679	0.4413230589
1540	0.5647293902	0.5427741803	0.4412444728
1541	0.5645593151	0.543049537	0.4411156151
1542	0.5644953124	0.5431531379	0.441052416
1543	0.5644114114	0.5432889302	0.4409688052
1544	0.5642350146	0.5435743596	0.440823517
1545	0.5639356282	0.5440585952	0.4405780331
1546	0.5638425959	0.5442090158	0.4404999448
1547	0.5637763935	0.544316041	0.4404308574
1548	0.5637667489	0.5443316318	0.4404252728
1549	0.5636616016	0.5445015881	0.4403420066
1550	0.5636319583	0.5445494967	0.4403172276
1551	0.5634842297	0.5447882136	0.4401968692
1552	0.5633689742	0.5449744133	0.4400878935
1553	0.563201641	0.5452446787	0.4399449035
1554	0.5631679745	0.5452990448	0.4399225888
1555	0.563118685	0.5453786339	0.4398767001
1556	0.5630732326	0.545452021	0.4398381154
1557	0.5629305797	0.5456823085	0.4397162659
1558	0.5628537101	0.5458063764	0.4396539554
1559	0.5627748333	0.5459336665	0.4395873829
1560	0.5627287542	0.5460080199	0.4395531466
1561	0.5625644729	0.5462730553	0.439421585
1562	0.5625164968	0.5463504406	0.4393748931
1563	0.5623360336	0.5466414682	0.4392175844
1564	0.5622756891	0.5467387631	0.439167854
1565	0.5622630778	0.5467590953	0.4391564552
1566	0.562170968	0.5469075829	0.4390974042
1567	0.5621098671	0.5470060683	0.4390441976
1568	0.562000545	0.5471822525	0.4389531141
1569	0.5617846604	0.5475300728	0.4387740355
1570	0.5617156264	0.5476412681	0.4387119683
1571	0.5616647792	0.5477231605	0.4386718459
1572	0.5614339301	0.5480948635	0.4384845632
1573	0.5613555523	0.5482210292	0.4384211462
1574	0.561300287	0.5483099798	0.4383760463
1575	0.5610385813	0.5487310818	0.4381587268
1576	0.5609830073	0.5488204787	0.4381095987
1577	0.5609635347	0.5488518005	0.4380873058
1578	0.5609010856	0.5489522428	0.4380210524
1579	0.5608518851	0.5490313683	0.4379765661
1580	0.5607013182	0.5492734708	0.4378554806
1581	0.5606521394	0.5493525334	0.4378153379
1582	0.5605155424	0.5495720977	0.4376938921
1583	0.5604412408	0.5496915066	0.4376314346
1584	0.5602867596	0.5499397204	0.4375258234
1585	0.560204089	0.5500725238	0.4374647536
1586	0.5601970346	0.5500838552	0.4374568653
1587	0.5601465834	0.5501648903	0.4374174757
1588	0.5601316706	0.5501888419	0.4374017867
1589	0.5600737938	0.5502817924	0.4373551291
1590	0.5600500721	0.550319887	0.437345848
1591	0.5599013659	0.5505586561	0.4372163583
1592	0.5598094929	0.5507061396	0.4371428632
1593	0.5596694374	0.550930924	0.4370230159
1594	0.5596288103	0.5509961186	0.436991369
1595	0.5595100171	0.5511867197	0.4368993802
1596	0.559372867	0.5514067239	0.4367805811
1597	0.5592814826	0.5515532848	0.4366938705
1598	0.5592761695	0.551561805	0.4366866987
1599	0.5591114472	0.551825921	0.4365570858
1600	0.5590197073	0.5519729832	0.4364740391
1601	0.5588428484	0.552256426	0.4363255938
1602	0.55874049	0.5524204296	0.4362369575
1603	0.5586674146	0.5525374961	0.436180321
1604	0.5586362192	0.5525874663	0.4361536895
1605	0.5584180914	0.5529367959	0.435979666
1606	0.5583616024	0.5530272402	0.4359216486
1607	0.5582180397	0.5532570568	0.4358024572
1608	0.5581105373	0.553429109	0.435702409
1609	0.5579510167	0.5536843525	0.4355583294
1610	0.55790316	0.5537609122	0.4355160465
1611	0.5577888119	0.5539438163	0.4354333515
1612	0.5577415709	0.554019369	0.4353897365
1613	0.5576872307	0.5541062676	0.4353353391
1614	0.5575632723	0.5543044653	0.4352312782
1615	0.5574846671	0.5544301246	0.4351609179
1616	0.5574173186	0.5545377747	0.435094481
1617	0.5573755609	0.5546045139	0.4350482479
1618	0.557209537	0.5548698117	0.4349175313
1619	0.5571330268	0.5549920446	0.4348435727
1620	0.5571278289	0.5550003482	0.4348414056
1621	0.5569205301	0.5553314418	0.4346758727
1622	0.5568324155	0.5554721395	0.4346024972
1623	0.5567618728	0.555584763	0.4345363268
1624	0.5566519514	0.5557602273	0.4344433918
1625	0.5566001838	0.5558428504	0.4343955864
1626	0.5564780151	0.556037806	0.4342896655
1627	0.5564163407	0.556136209	0.4342360147
1628	0.5563141731	0.556299196	0.4341418003
1629	0.5561856512	0.5565041835	0.4340440736
1630	0.5561711097	0.5565273736	0.4340320829
1631	0.5561221675	0.5566054199	0.4339912247
1632	0.555911251	0.5569416824	0.4338257848
1633	0.5558868634	0.5569805551	0.4338057012
1634	0.5558125453	0.5570990043	0.4337477529
1635	0.5557597809	0.5571830913	0.4336988384
1636	0.5556978415	0.5572817896	0.433648138
1637	0.5556088654	0.5574235507	0.4335627864
1638	0.5555177284	0.5575687313	0.4334824427
1639	0.5554624656	0.5576567529	0.4334321197
1640	0.5554113317	0.5577381902	0.4333834795
1641	0.5553667173	0.5578092383	0.4333425467
1642	0.5552869277	0.5579362883	0.4332731719
1643	0.5552383082	0.5580136968	0.4332310665
1644	0.5551273959	0.5581902582	0.4331329953
1645	0.5550654606	0.5582888377	0.4330827431
1646	0.554916323	0.5585261679	0.4329431231
1647	0.5548442301	0.5586408701	0.4328844587
1648	0.554825393	0.5586708382	0.4328662135
1649	0.5547456043	0.5587977629	0.4327840123
1650	0.5547441818	0.5588000255	0.4327824809
1651	0.5546644753	0.5589268011	0.4327166838
1652	0.5545589006	0.5590946926	0.4326269633
1653	0.5544997509	0.5591887422	0.4325772428
1654	0.5544629702	0.5592472195	0.4325412721
1655	0.5543623091	0.5594072396	0.4324550814
1656	0.5542340899	0.5596110267	0.43234549
1657	0.554169668	0.5597133988	0.4322879057
1658	0.5541111602	0.5598063625	0.4322410691
1659	0.5539691803	0.5600319152	0.4321177445
1660	0.5538793608	0.5601745747	0.4320457302
1661	0.5537273155	0.5604160145	0.4319159134
1662	0.553664695	0.5605154331	0.4318648624
1663	0.5536255697	0.5605775441	0.4318271812
1664	0.553554634	0.5606901429	0.4317646832
1665	0.5534858137	0.5607993698	0.4316977583
1666	0.5534247835	0.5608962215	0.4316562809
1667	0.5533026127	0.561090068	0.4315435248
1668	0.5532410136	0.5611877902	0.4314877852
1669	0.5531012805	0.5614094254	0.4313664406
1670	0.5530403079	0.5615061184	0.4313204703
1671	0.5530204646	0.5615375845	0.4313034095
1672	0.5529794789	0.5616025733	0.4312743537
1673	0.5528021155	0.5618837525	0.4311245061
1674	0.5526330815	0.5621516431	0.4309631867
1675	0.5525673027	0.5622558692	0.4309090254
1676	0.5525135798	0.5623409837	0.4308711427
1677	0.5524421943	0.5624540687	0.4308107149
1678	0.552304589	0.5626720142	0.430693449
1679	0.5522656188	0.562733727	0.4306570258
1680	0.5522010504	0.5628359674	0.4305999492
1681	0.5520812607	0.563025616	0.4304894878
1682	0.552030425	0.5631060856	0.4304407842
1683	0.5520138974	0.5631322461	0.430431924
1684	0.5518271869	0.5634277241	0.4302704931
1685	0.5517757717	0.5635090735	0.4302239224
1686	0.5516746892	0.5636689848	0.4301420562
1687	0.551528115	0.5639008111	0.4300247334
1688	0.5514265577	0.5640614013	0.4299371304
