spot_id,관광지,평균 상주시간(분),재방문비율,재방문의향점수,평균 동반자수,자연관광지,"역사/유적/종교 시설(문화재, 박물관, 촬영지, 절 등)","문화 시설(공연장, 영화관, 전시관 등)","상업지구(거리, 시장, 쇼핑시설)","레저/스포츠 관련 시설(스키, 카트, 수상레저)","테마시설(놀이공원, 워터파크)","산책로, 둘레길 등",지역 축제/행사,체험 활동 관광지
spot_0,미스틱3도,60,0,5,3,0,0,0,0,0,0,0,0,1
spot_2,원앙폭포,53.57142857,0.071428571,4.071428571,1.416666667,1,0,0,0,0,0,0,0,0
spot_3,광치기해변,44.22413793,0.336206897,4.146551724,1.26,1,0,0,0,0,0,1,0,0
spot_4,소천지,36.66666667,0.111111111,4.277777778,1.307692308,1,0,0,0,0,0,0,0,0
spot_6,소노캄제주 수영장,120,0,4,3,0,0,0,0,0,1,0,0,0
spot_7,청굴물,31.42857143,0.095238095,4.571428571,1.1875,1,1,0,0,0,0,0,0,1
spot_8,섭지코지,60.92307692,0.456410256,4.205128205,1.542682927,1,1,0,0,0,0,1,0,1
spot_9,금오름,64.5,0.14375,4.38125,1.172661871,1,1,0,0,1,0,1,0,1
spot_10,정방폭포,42,0.272,4.128,1.54368932,1,1,0,0,0,0,1,0,1
spot_11,교래자연휴양림,72,0,4.3,0.714285714,1,0,0,0,0,0,1,0,0
spot_12,수목원길야시장,66.95652174,0.173913043,3.782608696,1.574074074,0,0,0,1,0,0,0,0,0
spot_13,뽀로로앤타요테마파크제주,390,0,4,2,0,0,0,0,0,1,0,0,0
spot_15,제주시민속오일시장,54.70588235,0.294117647,4.235294118,0.928571429,0,0,0,1,0,0,0,0,0
spot_16,성산일출봉,63.39449541,0.620795107,4.324159021,1.511450382,1,1,1,0,0,0,1,0,0
spot_17,형제섬,140,0,4.333333333,2,0,0,0,0,1,0,0,0,1
spot_18,제주아트센터,30,0,3.333333333,0.333333333,0,0,1,0,0,0,0,0,0
spot_19,제주동문재래시장,55.16949153,0.655319149,4.187234043,1.481081081,0,0,0,1,0,0,0,0,0
spot_20,우도봉 입구,36,0.2,4.16,2,1,0,0,0,0,0,1,0,0
spot_21,중문대포주상절리대,47.47572816,0.349514563,3.941747573,1.578313253,1,0,0,0,0,0,0,0,0
spot_22,용두암,36,0.390909091,3.845454545,1.647058824,1,1,0,0,0,0,1,0,0
spot_23,어리목매표소,225,0.5,5,0,1,0,0,0,0,0,1,0,0
spot_24,도두동무지개해안도로,35.45454545,0.223140496,4.008264463,1.459183673,1,0,0,1,0,1,1,0,0
spot_26,제주다움렌터카,30,0,3,1,0,0,0,1,0,0,0,0,0
spot_29,포도뮤지엄,60,0.142857143,4.380952381,0.714285714,0,0,1,0,0,0,0,0,0
spot_30,제주코코몽에코파크,221.5384615,0.230769231,3.923076923,2.545454545,0,0,0,0,0,1,0,0,1
spot_31,카멜리아힐,87.54545455,0.281818182,4.136363636,1.967032967,1,0,1,0,0,1,1,1,1
spot_33,신풍신천 바다목장길,37.5,0.5,4.25,1.5,1,0,0,0,0,0,0,0,0
spot_34,한라수목원,56.4,0.3,4.08,1.238095238,1,0,0,0,0,0,0,0,0
spot_35,대정교회,30,0,5,0,0,1,0,0,0,0,0,0,0
spot_36,이오리,30,0,5,0,1,0,0,0,0,0,0,0,0
spot_38,신비의도로,33,0.3,2.6,2.142857143,1,0,0,0,0,0,1,0,1
spot_39,협재해수욕장,60.9009009,0.555555556,4.459459459,1.427536232,1,0,0,0,0,0,0,0,0
spot_40,새별오름,65.40983607,0.270491803,4.213114754,1.612745098,1,1,0,0,0,0,1,1,1
spot_42,표선해수욕장,106.2650602,0.289156627,4.180722892,1.885714286,1,0,0,0,0,0,0,0,0
spot_43,백약이오름,56.08695652,0.217391304,4.043478261,1,1,0,0,0,0,0,1,0,0
spot_44,제주야구인의마을,247.5,1,4.5,2,0,0,0,0,0,0,1,0,0
spot_45,한라산국립공원 영실탐방로,241.5789474,0.263157895,4.736842105,1.071428571,1,0,0,0,0,0,1,0,1
spot_46,붉은오름자연휴양림,60,0.153846154,4.615384615,1.166666667,1,0,0,0,0,0,1,0,0
spot_48,제주승마장,60,0,4,5.5,0,0,0,0,1,0,0,0,1
spot_52,제주해변공연장,48,0.4,4,1.2,1,0,1,0,0,0,0,1,0
spot_53,노형슈퍼마켙,120,0,3.5,1.5,0,0,1,0,0,0,0,0,0
spot_54,용머리해안,53.60655738,0.286885246,3.959016393,1.537735849,1,1,0,0,0,0,1,0,1
spot_55,이승이오름,84,0.2,4.133333333,1.083333333,1,0,0,0,0,0,1,0,0
spot_56,제주i,45,0,3.5,1,0,0,0,1,0,0,0,0,0
spot_57,제주동문재래야시장,55.41666667,0.555555556,3.916666667,1.220338983,0,0,0,1,0,0,0,0,0
spot_60,위니아에이드 애플공인서비스 신제주센터,90,0,4,0,0,0,0,1,0,0,0,0,0
spot_61,따라비오름,87.69230769,0.269230769,4.346153846,1.090909091,1,0,0,0,0,0,1,0,0
spot_62,아쿠아플라넷 제주,154.516129,0.279569892,4.225806452,2.067567568,0,0,0,0,0,1,0,0,0
spot_65,뷰제주하늘,60,0,3.5,1,0,0,0,0,1,0,0,0,1
spot_66,헬로키티아일랜드,95.45454545,0.181818182,3.454545455,2.705882353,0,1,1,0,0,1,0,0,1
spot_68,돌염전,35.67567568,0,3.621621622,1.625,1,1,0,0,0,0,1,0,0
spot_69,스누피가든,133.8333333,0.072222222,4.288888889,1.766423358,1,1,1,1,1,1,1,0,1
spot_70,고성오일시장,33.75,0.125,3,0.833333333,0,0,0,1,0,0,0,0,0
spot_71,반지만들기 은답하라99.9,90,0,4,1,0,0,0,0,0,0,0,0,1
spot_75,오설록티뮤지엄,63.71428571,0.480952381,3.876190476,1.275449102,0,0,1,0,0,0,0,0,0
spot_78,손지오름,90,0,3.5,0.5,1,0,0,0,0,0,0,0,0
spot_79,목장카페 밭디,96.31578947,0,4.421052632,2.25,0,0,0,1,1,0,0,0,1
spot_82,함덕해수욕장,60.38265306,0.558673469,4.466836735,1.549848943,1,0,0,0,0,0,0,0,0
spot_85,용연구름다리,28.8,0.12,3.36,1.285714286,1,1,0,0,0,0,1,0,0
spot_86,올레길 7코스(서귀포-월평 올레),82.22222222,0.185185185,4.148148148,1.4,0,0,0,0,0,0,1,0,0
spot_88,신화관 제주신화월드호텔앤리조트,40,0,4.333333333,2,0,0,0,0,0,1,0,0,0
spot_89,우도,190.8433735,0.512048193,4.487951807,1.445255474,1,1,0,0,0,0,1,0,1
spot_90,올레야시장,51.81818182,0.227272727,4.227272727,1.533333333,0,0,0,1,0,0,0,0,0
spot_91,ICC제주국제컨벤션센터,150,0.333333333,3.944444444,3,0,0,1,0,0,0,0,0,0
spot_92,제주민속촌,98.70967742,0.064516129,3.741935484,1.72,1,1,0,0,0,1,0,1,1
spot_93,검멀레해변,32.96296296,0.222222222,4.12345679,1.78125,1,0,0,0,1,0,0,0,1
spot_94,월정리해수욕장,43.21100917,0.568807339,4.357798165,1.119047619,1,0,0,0,0,0,0,0,0
spot_95,모구리야영장,570,1,4.5,3,0,0,0,0,0,0,0,0,1
spot_96,화순항관리사무소,60,0,5,2,0,0,0,0,1,0,0,0,0
spot_97,서귀포치유의숲,113.4782609,0.086956522,4.065217391,1.352941176,1,1,0,0,0,1,1,0,1
spot_98,나인브로스커피,90,1,5,0,0,0,0,0,0,0,0,0,1
spot_101,산양큰엉곶,80.29411765,0.058823529,3.882352941,1.75,1,0,0,0,0,0,1,0,1
spot_104,제주문화예술진흥원 제주문예회관,85,0.333333333,4.833333333,1.166666667,0,0,1,0,0,0,0,1,0
spot_106,은하감귤체험농장,52.5,0,3.5,2,0,0,0,0,0,0,0,0,1
spot_108,수목원테마파크,92.4,0.24,3.64,1.636363636,0,0,0,0,0,1,0,0,0
spot_110,항파두리 항몽유적지,47.60869565,0.173913043,3.869565217,1.026315789,0,1,0,0,0,0,0,0,0
spot_111,국립제주박물관,70,0.185185185,4.037037037,1.272727273,0,1,0,0,0,0,0,0,0
spot_112,올레길 1코스(시흥-광치기 올레),76.15384615,0.153846154,4.307692308,0.545454545,0,0,0,0,0,0,1,0,0
spot_114,용담해안도로,42.85714286,0.5,4.5,1.454545455,1,0,0,0,0,0,1,0,0
spot_115,천지연폭포,49.51807229,0.481927711,3.957831325,1.818181818,1,1,0,0,0,0,0,0,1
spot_117,페이보릿,30,0.333333333,4.333333333,0.666666667,0,0,0,1,0,0,0,0,0
spot_118,남송이오름,45,0,3,1.5,1,0,0,0,0,0,1,0,0
spot_119,서귀포매일올레시장,53.68421053,0.554511278,4.122180451,1.599547511,0,0,0,1,0,0,0,0,0
spot_120,비자림,72.85714286,0.292857143,4.042857143,1.568965517,1,1,0,0,0,0,1,0,1
spot_124,신양섭지해수욕장,51.81818182,0.181818182,4.045454545,2.0625,1,0,0,0,0,0,0,0,0
spot_125,신화역사공원,82.5,0,4.5,0.666666667,0,1,0,0,0,0,0,0,0
spot_126,닭머르,35.58139535,0.046511628,4.255813953,1.225806452,1,0,0,0,0,0,1,0,0
spot_127,삼무공원,37.5,0.25,3.875,0.571428571,1,0,0,0,0,0,1,0,0
spot_128,아르떼뮤지엄 제주,79.83471074,0.041322314,3.694214876,1.461538462,0,0,1,0,0,0,0,0,0
spot_129,수월봉,42.58064516,0.161290323,4.161290323,1.12,1,0,0,0,0,0,0,0,1
spot_130,창꼼,35.17241379,0.103448276,3.517241379,1.166666667,1,1,0,0,0,0,1,0,0
spot_131,월령선인장군락지,36,0.233333333,4.266666667,1.346153846,1,0,0,0,0,0,1,0,0
spot_132,김녕해수욕장,70.36764706,0.360294118,4.411764706,1.362831858,1,0,0,0,0,0,0,0,0
spot_133,제주시관광안내센터,30,0,5,1,0,0,1,0,0,0,0,0,0
spot_134,신흥해수욕장,60,0,4.666666667,0.8,1,0,0,0,0,0,0,0,0
spot_136,다이소 제주동문시장점,37.5,0.25,4.5,0.25,0,0,0,1,0,0,0,0,0
spot_139,에코랜드테마파크,140.5714286,0.4,3.985714286,2.826923077,0,0,0,0,0,1,0,0,0
spot_141,아침미소목장,92.26415094,0.113207547,4.528301887,1.931818182,1,0,1,0,0,0,0,0,1
spot_142,성산포JC공원,48,0.2,3.8,0.75,1,0,0,0,0,0,0,0,0
spot_144,제주레일바이크,59.4,0.12,4.04,1.888888889,0,0,0,0,0,0,0,0,1
spot_146,제주봄날,60,0,5,1,1,1,0,0,0,0,0,0,0
spot_81,한담해안산책로,52.71028037,0.317757009,4.46728972,1.483516484,1,0,0,0,0,0,1,0,0
spot_147,쇠소깍,58.55769231,0.326923077,3.971153846,1.5375,1,1,0,0,1,0,1,0,1
spot_148,이중섭거리,50.64935065,0.467532468,3.779220779,0.923076923,0,1,1,1,0,0,0,0,0
spot_149,곽지해수욕장,64.97142857,0.325714286,4.285714286,1.263157895,1,0,0,0,0,0,0,0,0
spot_151,다락쉼터 인증센터,25.71428571,0.142857143,4.857142857,0.833333333,0,0,0,0,0,0,0,0,1
spot_154,새연교(우영우 촬영장),60,0,5,1,0,1,0,0,0,0,0,0,0
spot_155,중문색달해수욕장,78.85714286,0.352380952,4.066666667,1.390804598,1,0,0,0,0,0,0,0,0
spot_156,사계해변,36.94214876,0.173553719,4.041322314,1.284210526,1,1,0,0,0,0,0,0,1
spot_158,천제연폭포,66.73469388,0.183673469,4.367346939,1.285714286,1,1,0,0,0,0,0,1,0
spot_159,남원큰엉해변,46.66666667,0.027777778,4.194444444,1.724137931,1,0,0,0,1,0,1,0,0
spot_160,자구리문화예술공원,61.66666667,0.277777778,3.944444444,0.384615385,1,0,0,0,0,0,0,0,0
spot_161,한라산1100고지,47.72727273,0.454545455,4.454545455,1.555555556,1,0,0,0,0,0,0,0,0
spot_162,산방산,47.70491803,0.426229508,4.081967213,1.211538462,1,1,0,0,1,0,1,0,1
spot_163,바이나흐튼 크리스마스박물관,41.53846154,0,3.384615385,1.166666667,0,1,0,0,0,0,0,0,0
spot_165,더럭초등학교,60,0,5,0,0,0,0,0,0,0,1,0,0
spot_166,제주동문시장,52.92613636,0.579545455,4.065340909,1.384615385,0,0,0,1,0,0,0,0,0
spot_168,비밀의숲,64.70588235,0.098039216,3.87254902,1.352941176,1,0,0,0,0,0,1,0,1
spot_174,점보빌리지,106.875,0.25,3.4375,2.75,0,0,1,0,0,1,0,0,1
spot_175,제주신라호텔 수영장,144,0.8,5,2.5,0,0,0,0,0,1,0,0,0
spot_176,이니스프리 제주하우스,50,0.25,4.333333333,1.6,0,0,0,1,0,0,0,0,1
spot_180,스캠프짐,150,1,5,0,0,0,0,0,1,0,0,0,0
spot_183,제주별책부록,30,0,5,0,0,0,0,1,0,0,0,0,0
spot_184,제주차귀도요트투어,105,0,4.5,1.333333333,0,0,0,0,1,0,0,0,1
spot_185,쇠소깍수상레저 전통테우,72,0,4.4,1.8,0,0,0,0,1,0,0,0,1
spot_186,월정투명카약,69,0.1,4.2,1.375,1,0,0,0,1,0,0,0,1
spot_187,서귀포항여객선터미널,225,0.5,4.5,3,0,0,0,0,1,0,0,0,1
spot_188,더마파크,93.10344828,0.172413793,4.103448276,4.230769231,0,0,1,0,1,1,0,0,1
spot_192,대평,30,1,4,0,0,0,0,0,0,0,0,0,1
spot_194,동백동산습지센터,45,0,4.5,2.5,1,0,1,0,0,0,0,0,0
spot_195,차귀도,67.5,0.25,3.5,4,1,0,0,0,0,0,0,0,1
spot_196,탑텐 서귀포점,45,0.5,4,3,0,0,0,1,0,0,0,0,0
spot_197,서우봉,51.75,0.2,4.275,0.964285714,1,1,0,0,1,0,1,0,0
spot_198,제주시청,60,0.75,3.5,0.5,0,0,0,1,0,0,0,0,0
spot_200,도두봉,44.26829268,0.109756098,4.243902439,1.101449275,1,0,0,0,0,0,1,0,0
spot_201,"디아넥스 온천, 수영장",90,0.5,5,0,0,0,0,0,0,1,0,0,0
spot_202,문도지오름,52.22222222,0.037037037,4.148148148,1.263157895,1,0,0,0,0,0,1,0,0
spot_203,상효원수목원,91.62162162,0.054054054,3.891891892,2.032258065,1,0,0,0,0,0,0,0,0
spot_205,제주성읍마을,58.06451613,0.290322581,3.935483871,2.076923077,0,0,0,0,0,0,1,0,0
spot_206,산방산탄산온천,129.2079208,0.366336634,4.297029703,1.120481928,0,0,0,0,0,1,0,0,0
spot_209,이호테우해수욕장,54.26666667,0.311111111,4.164444444,1.3,1,0,0,0,0,0,0,0,0
spot_211,금능해수욕장,68.40909091,0.409090909,4.537878788,1.59223301,1,0,0,0,0,0,0,0,0
spot_213,세화해변,65.04950495,0.356435644,4.346534653,1.523255814,1,0,0,1,0,0,1,0,1
spot_215,트레이닝 팜트리,60,0,5,0,0,0,0,0,1,0,0,0,0
spot_216,조랑말체험공원,42,0.2,3.2,2.6,0,0,0,0,0,0,0,0,1
spot_218,보롬왓,69.23076923,0.115384615,4.346153846,2.047619048,1,0,0,0,0,1,1,0,1
spot_219,윈드1947카트테마파크,69.44444444,0.037037037,4.037037037,1.659090909,0,0,0,0,1,0,0,0,0
spot_223,렛츠런파크제주,139.0909091,0.363636364,3.454545455,2.4,0,0,0,0,1,1,0,1,0
spot_224,황우지선녀탕,58.08510638,0.191489362,3.978723404,1.571428571,1,0,0,0,1,0,0,0,1
spot_225,우도지석묘,30,0,3.333333333,3,1,1,0,0,0,0,1,0,0
spot_226,도깨동산,45,0,3.5,1,1,0,0,0,0,0,0,0,0
spot_229,올레길 16코스(고내-광령 올레),73.63636364,0.363636364,4.272727273,1.555555556,0,0,0,0,0,0,1,0,0
spot_230,천주교황사평성지,30,0.5,3,3,0,1,0,0,0,0,0,0,0
spot_232,휴애리자연생활공원,93.19148936,0.212765957,3.893617021,1.820512821,1,0,0,0,0,1,0,1,1
spot_233,성이시돌목장,41.02941176,0.205882353,3.632352941,1.314814815,1,1,0,1,1,1,0,0,1
spot_239,프렌즈스크린골프 인화,150,0,4,0,0,0,0,0,1,0,0,0,0
spot_240,루나폴,99.6,0,4,2.227272727,0,0,0,0,0,1,0,0,0
spot_241,개월이오름,30,1,5,1,1,0,0,0,0,0,0,0,0
spot_242,노리매,66,0.1,4.3,1.75,1,0,0,0,0,1,1,0,1
spot_243,스카이워터쇼,82.5,0,3.833333333,3,0,0,1,0,0,0,0,0,1
spot_245,한림공원,87.90697674,0.139534884,4.069767442,1.794117647,1,0,0,0,0,0,0,0,1
spot_247,아부오름,55.3125,0.09375,3.875,1,1,0,0,0,0,0,1,0,1
spot_248,수월봉전기자전거,90,0.090909091,4.727272727,2.1,0,0,0,0,1,0,1,0,1
spot_250,송악산둘레길,73.28571429,0.242857143,4.428571429,1.655737705,1,0,0,0,0,0,1,0,0
spot_251,한라산국립공원,492.6315789,0.421052632,4.394736842,1.212121212,1,1,0,0,1,0,1,0,0
spot_255,바이제주,51.66666667,0.222222222,4.277777778,1.625,0,0,0,1,0,0,0,0,0
spot_256,토토아뜰리에,135,0,4.333333333,1,0,0,0,0,0,0,0,0,1
spot_259,더힐링타임,45,0.2,3.8,1.375,0,0,0,1,0,0,0,0,1
spot_261,외돌개 전망대,46,0.333333333,4.6,1.769230769,1,0,0,0,0,0,1,0,0
spot_262,한라산영실휴게소,100,0.333333333,4,0.333333333,1,0,0,0,0,0,0,0,0
spot_264,군산오름 전망대,55.71428571,0.142857143,3.714285714,1,1,0,0,0,0,0,1,0,0
spot_265,약천사,46.70886076,0.139240506,4.012658228,1.508474576,0,1,0,0,0,0,0,0,0
spot_266,양떼목장,22.5,0.25,2.5,2.25,0,0,0,0,0,1,0,0,1
spot_267,롯데마트 제주점,47.5,0.5,4,1.5,0,0,0,1,0,0,0,0,0
spot_268,신라면세점 제주공항점,30,0,4,2,0,0,0,1,0,0,0,0,0
spot_270,걸매생태공원,82.5,0.5,5,0.333333333,1,0,0,0,0,0,0,0,0
spot_271,엉또폭포,39,0.2,4.4,1.4,1,0,0,0,0,0,1,0,0
spot_272,제주관광공사 지정면세점,45.75,0.4,4,1.71875,0,0,0,1,0,0,0,0,0
spot_273,제주동문수산시장,54,0.3,3.6,0.833333333,0,0,0,1,0,0,0,0,0
spot_274,제주보리빵마을,15,0,4.5,1,0,0,0,0,0,0,1,0,0
spot_277,드르쿰다in성산,94.41176471,0.029411765,4.058823529,1.548387097,0,0,0,0,1,1,0,0,1
spot_278,애월카페거리,61.76470588,0.333333333,4.235294118,1.857142857,0,0,0,1,0,0,0,0,0
spot_279,도두봉공원,43.33333333,0.111111111,3.888888889,1.625,1,0,0,0,0,0,0,0,0
spot_281,로봇플래닛,90,0,3.5,2.2,0,0,1,0,0,1,0,0,1
spot_284,망루등대,17.14285714,0.285714286,3.571428571,1.6,1,1,0,0,0,0,1,0,1
spot_286,산굼부리,69.609375,0.28125,4.34375,1.821782178,1,1,0,0,0,0,1,0,1
spot_288,화조원,102.8571429,0.095238095,4.142857143,2.428571429,1,0,0,0,0,1,0,0,1
spot_289,너븐숭이4.3기념관,33.75,0.25,3.5,1,0,1,0,0,0,0,0,0,0
spot_291,아끈다랑쉬오름,43.84615385,0.076923077,3.538461538,0.555555556,1,0,0,0,0,0,1,0,0
spot_292,동방파제,95,0.333333333,4.5,1.333333333,1,0,0,0,1,0,0,0,1
spot_295,용연계곡,37,0.2,4,0.576923077,1,1,0,0,0,0,0,0,0
spot_296,사려니숲길,68.42696629,0.247191011,4.415730337,1.515151515,1,0,0,0,0,0,1,0,1
spot_297,금능석물원,45,0,4,0,0,1,0,0,0,0,0,0,0
spot_298,서복전시관,35,0.166666667,3.25,0.5,0,0,1,0,0,0,0,0,0
spot_300,제주현대미술관,65.10638298,0.14893617,4.531914894,0.87804878,0,0,1,0,0,0,0,0,0
spot_301,우리 승마장,30,0,3.571428571,1.5,0,0,0,0,0,0,0,0,1
spot_302,테디베어뮤지엄 제주점,61.66666667,0.444444444,3.555555556,1.764705882,0,0,1,0,0,0,0,0,0
spot_303,본태박물관,86.53846154,0.115384615,3.884615385,0.590909091,0,1,0,0,0,0,0,0,0
spot_304,파파빌레,60,0,3.5,3,0,0,0,0,0,0,0,1,0
spot_305,제주맥주 양조장,91.66666667,0,3.555555556,1.461538462,0,0,1,0,0,0,0,0,1
spot_306,꽃길만걷차 성산본점,70,0,4.333333333,2,0,0,0,1,1,0,0,0,1
spot_307,넥슨컴퓨터박물관,113.1818182,0.045454545,3.954545455,1.55,0,1,0,0,0,0,0,0,0
spot_311,퍼시픽리솜 마린스테이지 바다요가,90,0,5,0,0,0,0,0,1,0,0,0,0
spot_315,이마트 서귀포점,44.70588235,0.568627451,4.196078431,2.027027027,0,0,0,1,0,0,0,0,0
spot_318,서귀포농업기술센터,140,0,4.333333333,0.333333333,0,0,1,0,0,0,0,0,0
spot_321,액트몬 제주중문점,70.71428571,0.214285714,3.428571429,1.909090909,0,0,1,0,0,1,0,0,1
spot_322,한라산국립공원 관음사탐방로,404.2857143,0.380952381,4.523809524,0.764705882,1,0,0,0,0,0,1,0,1
spot_324,명월팽나무군락,40,0,3.666666667,2.5,1,1,0,0,0,0,1,0,0
spot_325,어승생,80,0,4.666666667,2.5,1,0,0,0,0,0,0,0,0
spot_326,마라도,109.4117647,0.147058824,3.970588235,1.25,1,1,0,0,0,1,0,0,1
spot_328,올레길 17코스(광령-제주원도심 올레),50.625,0.25,4.25,0.615384615,0,0,0,0,0,0,1,0,0
spot_329,신화테마파크,92.47058824,0.447058824,3.882352941,2.138461538,0,0,0,0,0,1,0,0,0
spot_330,비양도,78.29268293,0.170731707,3.975609756,1.176470588,1,1,0,0,0,0,1,0,0
spot_228,제주백화점,60,0,3.5,6.5,0,0,0,1,0,0,0,0,0
spot_333,하도해변,35,0.166666667,4,0.909090909,1,0,0,0,0,0,1,0,0
spot_335,서프라이즈테마파크,60,0,3.4,2.5,0,0,0,0,0,1,0,0,0
spot_336,귤의 정원 바령,62.5,0.166666667,4.166666667,3.375,0,0,0,0,0,0,0,0,1
spot_337,새연교,35.92105263,0.381578947,3.907894737,1.258064516,1,1,0,1,1,0,1,1,1
spot_339,루나피크닉,90,0.5,4,0,1,0,0,0,0,0,0,0,0
spot_341,새별프렌즈,63.33333333,0.111111111,3.666666667,1.166666667,0,0,0,0,0,1,0,0,1
spot_342,제주국제평화센터,52.5,0,4.25,2,0,0,1,0,0,0,0,0,0
spot_343,제주 세계자연유산센터,60,0.5,4.5,1,1,0,1,0,0,0,0,0,0
spot_345,서빈백사,38.10810811,0.351351351,4.432432432,0.916666667,1,0,0,0,0,0,1,0,1
spot_347,메밀꽃밭,30,0,3,1.5,1,0,0,0,0,0,0,0,0
spot_348,사려니숲길 붉은오름 입구,72.63157895,0.368421053,4.421052632,1.733333333,1,0,0,0,0,0,1,0,0
spot_350,이호테우등대,38.75,0.479166667,4.104166667,1.714285714,1,1,1,0,0,1,1,0,0
spot_352,이레저버기카,60,0,3,3,0,0,0,0,0,0,0,0,1
spot_353,방림원,60,0,4.25,1.666666667,1,0,0,0,0,0,0,0,0
spot_355,한림수협 다목적어업인종합지원센터,30,0,4,2,0,0,0,1,0,0,0,0,0
spot_356,일출랜드,90,0,3.25,0.5,1,0,0,0,0,1,0,0,1
spot_357,쇠소깍전통나룻배 카약체험지점,63.75,0.25,3.625,2,0,0,0,0,0,0,0,0,1
spot_358,엉덩물계곡,45,0,4,2,1,0,0,0,0,0,0,1,0
spot_360,신창풍차해안도로,46.32911392,0.316455696,4.35443038,1.579710145,1,1,0,0,0,0,1,0,0
spot_361,성지도예,120,0,4,2,0,0,0,0,0,0,0,0,1
spot_364,서귀포칠십리시공원,48,0.3,3.9,0.7,1,0,0,0,0,0,0,0,0
spot_365,이중섭미술관,40.71428571,0.333333333,4.095238095,0.742857143,0,0,1,0,0,0,0,0,0
spot_366,만장굴,73.09859155,0.225352113,3.591549296,2.017241379,1,1,0,0,0,0,0,1,1
spot_370,감귤박물관,56.08695652,0.086956522,3.608695652,1.736842105,0,1,0,0,0,0,0,0,0
spot_373,절물자연휴양림,78.57142857,0.19047619,4.428571429,1.833333333,1,0,0,0,0,0,1,0,1
spot_374,이쁜선물가게,15,0,3.5,1,0,0,0,1,0,0,0,0,0
spot_377,서귀포유람선,102.8571429,0,4.535714286,2.111111111,0,0,0,0,1,0,0,0,0
spot_378,올레일품,75,0,3.5,0.5,0,0,0,0,0,0,0,0,1
spot_379,방주교회,39.54545455,0.25,3.977272727,1.684210526,0,1,0,0,0,0,0,0,0
spot_380,9.81파크,124.1584158,0.118811881,4.207920792,1.75,0,0,0,0,1,1,0,0,1
spot_382,왈종미술관,42,0,3.6,0.888888889,0,0,1,0,0,0,0,0,0
spot_383,제주항공우주박물관,126.1538462,0.256410256,3.615384615,2.323529412,0,1,0,0,0,0,0,0,0
spot_384,귤귤스토어,26.25,0.125,3.75,2.571428571,0,0,0,1,0,0,0,0,0
spot_385,해녀박물관,52.5,0.125,3.775,1.266666667,0,1,0,0,0,0,0,0,0
spot_388,호텔시리우스,180,1,5,2,0,0,0,0,1,0,0,0,0
spot_389,지미봉,55.38461538,0.153846154,4.230769231,0.25,1,0,0,0,0,0,1,0,0
spot_390,메이즈랜드,75,0.133333333,3.2,2.791666667,0,0,0,0,0,1,0,0,1
spot_391,신화워터파크,203.6842105,0.263157895,4,3.333333333,0,0,0,0,0,1,0,0,0
spot_393,화순금모래해수욕장,210,0.238095238,3.857142857,0.642857143,1,0,0,0,0,0,0,0,0
spot_395,소랑한닮,30,0,4,3,0,0,0,1,0,0,0,0,0
spot_397,훈데르트바서파크,61.875,0.020833333,3.604166667,1.702702703,0,1,1,0,0,1,1,0,1
spot_400,하이제주,36,0.2,4.2,1,0,0,0,1,0,0,0,0,0
spot_401,레몬뮤지엄,40.90909091,0,3.454545455,1.857142857,0,0,1,0,0,0,0,0,0
spot_402,한라산,273,0.1,3.9,0.75,1,0,0,0,0,0,1,0,1
spot_404,수산봉,42,0,3.533333333,1.090909091,1,0,0,0,0,0,1,0,0
spot_407,종달리해변,35,0.333333333,4.5,1,1,0,0,0,0,0,1,0,0
spot_411,피규어뮤지엄제주,55.71428571,0.071428571,4.142857143,1.2,0,0,1,0,0,0,0,0,0
spot_414,상가리야자숲,31.36363636,0,3.181818182,1.555555556,1,1,0,0,0,0,0,0,0
spot_415,큰엉,57.39130435,0.173913043,4.260869565,1.263157895,1,1,0,0,0,0,1,0,0
spot_416,너와의첫여행,80,0,4,2,0,0,0,0,0,0,0,0,1
spot_417,퐁당제주,60,0,4.5,1,0,0,0,0,1,0,0,0,0
spot_418,제주곶자왈도립공원,90.68181818,0.113636364,4.340909091,1.5,1,0,0,0,0,0,0,0,0
spot_420,소정방폭포,34.28571429,0.142857143,4,1.333333333,1,0,0,0,0,0,1,0,0
spot_421,CGV 제주노형,120,0.5,4,0.5,0,0,1,0,0,0,0,0,0
spot_422,산지등대,40,0.333333333,4.333333333,1.6,1,1,1,0,0,0,1,0,0
spot_423,거문오름,181.875,0.0625,4.1875,2.533333333,1,1,0,0,0,0,1,0,0
spot_424,서머셋 제주신화월드,84,0.4,3.5,0.875,0,0,1,1,0,1,1,0,0
spot_429,노루생태관찰원,56.25,0,3.5,1.5,1,0,0,0,0,0,0,0,1
spot_430,파더스가든,81.08108108,0.054054054,3.783783784,1.90625,1,0,0,0,0,1,0,0,1
spot_432,코난해변,66,0.177777778,4.533333333,1.129032258,1,0,0,0,1,0,1,0,1
spot_434,김녕사굴,60,0,5,0,1,0,0,0,0,0,0,0,0
spot_437,우도보물섬레저,24,0,3.6,1.5,0,0,0,1,1,0,0,0,1
spot_438,팜셀프카페,90,0,4,3,0,0,0,0,0,0,0,0,1
spot_441,제주도서핑샵 문서프,115,0.166666667,4,0.4,0,0,0,0,1,0,0,0,0
spot_442,샤카서핑패들보드팀,105,0,4,1.5,0,0,0,0,1,0,0,0,0
spot_444,제주해녀 항일운동기념공원,30,0,5,0,0,1,0,0,0,0,0,0,0
spot_445,세계자동차&피아노박물관,96.31578947,0.368421053,4.210526316,2.071428571,0,1,0,0,0,0,0,0,0
spot_446,어영공원,40,0.222222222,4.148148148,1.652173913,1,0,0,0,0,0,0,0,0
spot_447,마라도가파도 정기여객선대합실,150,0,5,3,0,0,0,0,1,0,0,0,0
spot_452,아라리오뮤지엄 탑동시네마,60,0.083333333,4,0.444444444,0,0,1,0,0,0,0,0,0
spot_453,삼다수숲길,90,0.142857143,4.285714286,1.285714286,1,0,0,0,0,0,1,0,0
spot_455,올레길 21코스,96.66666667,0,4.333333333,0.375,0,0,0,0,0,0,1,0,0
spot_457,대비공원,30,0,4,1.5,1,0,0,0,0,0,0,0,0
spot_458,이승악오름,90,0,5,0,0,0,0,0,0,0,1,0,0
spot_461,마방목지,25.71428571,0.285714286,4,1.222222222,1,0,0,0,0,0,0,0,1
spot_462,평대리해수욕장,71.37931034,0.275862069,4.172413793,1,1,0,0,0,0,0,0,0,0
spot_463,한담몰,34.28571429,0.142857143,3.928571429,1.166666667,0,0,0,1,0,0,0,0,0
spot_464,한림 작은영화관,130,0.333333333,5,0.666666667,0,0,1,0,0,0,0,0,0
spot_465,롯데하이마트 제주점,0,0,3,1,0,0,0,1,0,0,0,0,0
spot_472,제주물,30,0,5,1,0,0,0,0,0,0,0,0,1
spot_473,필기,120,0,5,0,0,0,0,0,0,0,0,0,1
spot_474,제주소품 함덕점,20,0,2.333333333,0.333333333,0,0,0,1,0,0,0,0,0
spot_475,소인국테마파크,80,0.333333333,3.583333333,2.375,0,0,0,0,0,1,0,0,0
spot_477,수목원테마파크 아이스뮤지엄,83.33333333,0.111111111,3.111111111,4.166666667,0,0,1,0,0,0,0,0,0
spot_479,최남단 모슬포방어축제,80,0.333333333,4,0,0,0,0,0,0,0,0,1,0
spot_480,노형수퍼마켙,73.53658537,0.048780488,3.597560976,1.564516129,1,0,1,0,0,1,0,0,1
spot_482,사계항,50,0.333333333,4,0.333333333,1,0,0,0,0,0,1,0,0
spot_484,액티브파크,80,0.083333333,4.083333333,4,0,0,0,0,1,0,0,0,1
spot_485,사라봉,56.47058824,0.235294118,4.235294118,0.466666667,1,0,0,0,0,0,1,0,0
spot_487,롯데시네마 서귀포,140,0,4,1,0,0,1,0,0,0,0,0,0
spot_488,소길별하,72.85714286,0,3.928571429,1.363636364,0,1,1,1,0,0,0,1,1
spot_492,신라호텔 야외 패밀리풀,120,0,5,1,0,0,0,0,0,1,0,0,0
spot_494,하고수동해변,48.46153846,0.25,4.269230769,1.641025641,1,0,0,0,1,0,0,0,0
spot_496,서귀포향토오일시장,30,0.222222222,3.777777778,2.111111111,0,0,0,1,0,0,0,0,0
spot_497,하도어촌체험마을,165,0.25,3.5,0.666666667,0,0,0,0,0,0,0,0,1
spot_498,세화민속오일시장,40.38461538,0.307692308,4,1.238095238,0,0,0,1,0,0,0,0,0
spot_499,고흐의정원,79.09090909,0,3.727272727,1.625,1,1,1,0,0,1,0,0,1
spot_500,어울림감귤체험농장,50,0,4,2,0,0,0,0,0,0,0,0,1
spot_501,제주자연생태공원,60,0,4.333333333,1.333333333,1,0,0,0,0,0,0,0,0
spot_503,신창풍차해안,48.33333333,0.111111111,4.138888889,1.424242424,1,0,0,0,0,0,1,0,1
spot_504,더블유,45,0,4.25,1.5,0,0,0,0,1,0,0,0,0
spot_505,여미지식물원,72.22222222,0.259259259,3.518518519,1.727272727,0,0,0,0,0,1,0,0,0
spot_506,코코넛서프 서핑스쿨,144,0,4.4,0,0,0,0,0,1,0,1,0,1
spot_509,화순곶자왈,54,0.2,4,0,1,0,0,0,0,0,1,0,0
spot_512,문화예술 공공수장고,32.5,0.25,4.25,1.636363636,0,0,1,0,0,0,0,0,0
spot_515,제주홀스타승마장,30,0,3,1,0,0,0,0,1,0,0,0,0
spot_517,드르쿰다,135,0.5,4.5,4,0,0,0,0,1,0,0,0,0
spot_518,카페더씨,60,0,3,2.428571429,0,0,0,0,0,0,0,0,1
spot_520,제주동문공설시장,65,0.666666667,3.833333333,1.8,0,0,0,1,0,0,0,0,0
spot_521,휘닉스제주섭지코지 매표소,90,0,5,4,0,0,0,0,1,0,0,0,0
spot_522,제스토리,37.5,0,3.625,1.5,0,1,0,1,0,0,0,0,0
spot_525,서귀포잠수함,95,0.041666667,3.791666667,2.857142857,0,0,0,0,0,0,0,0,1
spot_526,삼다초콜릿체험장,60,0,4,5,0,0,0,0,0,0,0,0,1
spot_531,외돌개,52.30769231,0.230769231,4.230769231,1.583333333,1,1,0,0,0,0,1,0,0
spot_532,돈내코유원지,54,0.2,3.8,1.222222222,1,0,0,0,0,0,1,0,0
spot_533,산방굴사,43.33333333,0.222222222,4.222222222,2,0,1,0,0,0,0,0,0,0
spot_534,고스트타운,67.5,0,3.5,2.75,0,0,0,0,0,1,0,0,1
spot_535,차귀도유람선,105,0,3.5,0,0,0,0,0,1,0,0,0,0
spot_536,반지마을 제주1호점,90,0,5,4,0,0,0,0,0,0,0,0,1
spot_537,환상숲곶자왈공원,98.18181818,0.136363636,4.545454545,2.153846154,1,1,0,0,0,1,0,0,1
spot_540,수산저수지,50,0.333333333,3.666666667,1,1,0,0,0,0,0,1,0,0
spot_541,한담해변,54.14634146,0.317073171,4.414634146,1.454545455,1,0,0,1,0,0,1,0,0
spot_543,이중섭미술관 창작스튜디오&공예공방,30,0,4,0,0,0,1,0,0,0,0,0,0
spot_544,귤스타,30,0,5,3,0,0,0,1,0,0,0,0,0
spot_547,장한철산책로,60,0,5,1,0,0,0,0,0,0,1,0,0
spot_548,우스커피,60,0,5,1,0,0,0,0,0,0,1,0,0
spot_549,용두암 인증센터,18,0,4.6,1,0,0,0,0,0,0,0,0,1
spot_550,트리아이숲로프체험장,300,0,5,3,0,0,0,0,0,0,0,0,1
spot_555,디아넥스 온천,100,0.333333333,4,1.333333333,0,0,0,0,0,1,0,0,0
spot_556,훈데스힐즈,60,0,5,3,0,0,0,0,0,1,0,0,0
spot_558,중문레져UTV,70,0,3.333333333,1,0,0,0,0,1,0,0,0,1
spot_559,제주목 관아 망경루,90,0,5,0,0,0,1,0,0,0,0,0,0
spot_561,황우치해변,85,0.333333333,3.833333333,1.75,1,0,0,0,0,0,0,0,0
spot_562,서귀포천문과학문화관,69,0.1,4.6,1.333333333,0,1,1,0,0,0,0,0,1
spot_563,차귀도달래배낚시,105,0.1,3.9,1.375,0,0,0,0,1,0,0,0,1
spot_564,세계술박물관,50,0,3,2.5,0,1,0,0,0,0,0,0,0
spot_568,올레길 18코스(제주원도심-조천 올레),234,0,3.8,0.666666667,0,0,0,0,0,0,1,0,0
spot_569,태흥1리쉼터,45,0,3.5,1.5,1,0,0,0,0,0,1,0,0
spot_572,목장카페드르쿰다,75.42857143,0.142857143,4.028571429,2.642857143,0,0,0,0,0,0,0,0,1
spot_575,생이기정,40,0,3.666666667,2.5,1,0,0,0,0,0,1,0,0
spot_576,김녕리도대불,15,0,4,2,0,1,0,0,0,0,0,0,0
spot_577,수마포해안,40,0,4.333333333,0,1,0,0,0,0,0,1,0,0
spot_578,올레길 8코스(월평-대평 올레),74,0.333333333,3.8,1.769230769,0,0,0,0,0,0,1,0,0
spot_579,산방산랜드,60,0.2,4,1.625,0,0,0,1,0,1,0,0,1
spot_581,야크마을,285,0.5,4,3,0,0,0,0,0,0,1,0,0
spot_583,너도나도ATV,75,0,5,1,0,0,0,0,1,0,0,0,1
spot_584,위미항,90,0.444444444,4.111111111,0.428571429,1,0,0,0,1,0,1,0,1
spot_585,쇠머리오름,43.63636364,0.272727273,4.181818182,1.333333333,1,0,0,0,0,0,0,0,0
spot_587,메리어트관 제주신화월드호텔앤리조트 모실클럽하우스,150,0.5,4.5,2.666666667,0,0,0,0,0,1,0,0,0
spot_588,"김녕 지오트레일,제주올레길",30,0,4,0,0,0,0,0,0,0,0,0,1
spot_589,제주실탄사격장,41.42857143,0,4.238095238,1.529411765,1,0,0,0,1,0,0,0,1
spot_590,마노르블랑,63.57142857,0.119047619,3.80952381,1.40625,1,0,0,0,0,1,1,1,1
spot_591,도치돌목장,70.90909091,0.090909091,3.909090909,1.875,0,0,0,0,0,1,0,0,1
spot_593,제주추사관,51.42857143,0,4.142857143,1.4,0,1,0,0,0,0,0,0,0
spot_595,니모메,30,0,4,1,0,0,0,1,0,0,0,0,0
spot_598,하우목동항,45,0.333333333,4.416666667,1.625,1,0,0,0,1,0,0,0,1
spot_603,서부두수산시장,66,0,4.4,1.4,0,0,0,1,0,0,0,0,0
spot_605,중문관광단지 별내린전망대,30,0,3,0,1,0,0,0,0,0,0,0,0
spot_606,걸어가는늑대들 전이수갤러리,75,0.1,4.7,0.428571429,0,0,1,0,0,0,0,0,0
spot_607,산물관광농원,55.71428571,0,3.571428571,2.714285714,1,1,1,1,0,0,0,0,0
spot_608,기당미술관,38.57142857,0.214285714,4.071428571,0.333333333,0,0,1,0,0,0,0,0,0
spot_609,뽀로로앤타요테마파크 제주,197.4193548,0.096774194,4.35483871,2.84,0,0,0,0,0,1,0,0,0
spot_610,올레길 19코스(조천-김녕 올레),114.5454545,0.090909091,4.545454545,1.142857143,0,0,0,0,0,0,1,0,0
spot_615,산굼부리매표소,75,0,4.5,2.5,1,0,0,0,0,0,0,0,0
spot_618,제주레포츠랜드,49.09090909,0,3.818181818,2.142857143,0,0,0,0,1,1,0,0,0
spot_620,속골,33,0.2,3.9,0.75,1,0,0,0,0,0,1,0,0
spot_623,올레길 5코스(남원-쇠소깍 올레),107.1428571,0.071428571,4.285714286,1.090909091,0,0,0,0,0,0,1,0,0
spot_624,제주서핑스쿨,150,0,5,0,0,0,0,0,0,0,0,0,1
spot_626,대정오일시장,47.14285714,0.142857143,4.142857143,1.6,0,0,0,1,0,0,0,0,0
spot_628,휘닉스제주 유민미술관,58.125,0.125,4.4375,1.076923077,0,0,1,0,0,0,0,0,0
spot_629,한라산아래첫마을,69.31034483,0.137931034,4.310344828,1.461538462,0,0,0,0,0,0,1,0,0
spot_632,신화관 제주신화월드 스카이풀,101.5384615,0.153846154,4.615384615,1.363636364,0,0,0,0,0,1,0,0,0
spot_635,퍼시픽 마리나요트계류장,100,0.166666667,4.833333333,6.333333333,0,0,0,0,1,0,0,0,1
spot_637,어린왕자감귤밭,103.6363636,0,3.863636364,3.058823529,1,0,0,0,0,0,0,0,1
spot_639,전복마을,40,0,5,0,0,0,0,0,0,0,1,0,0
spot_640,제주해양레저타운,60,0,3.5,0.5,0,0,0,0,1,0,0,0,0
spot_641,동문공설시장,51.42857143,0.857142857,4,3,0,0,0,1,0,0,0,0,0
spot_642,도두항,48.75,0.125,4.625,0,1,0,0,0,0,0,1,0,0
spot_643,새빌,45,0.166666667,4,1.333333333,1,1,0,0,0,0,0,0,1
spot_644,쉬리의언덕,30,0.3,4.4,1.125,1,1,0,0,0,0,1,0,0
spot_646,모슬포항,85,0.166666667,3.666666667,1.4,1,0,0,1,0,0,1,0,0
spot_649,성수미술관 제주특별점,150,0,5,1,0,0,1,0,0,0,0,0,0
spot_650,하논,45,0.25,4.25,0,1,1,0,0,0,0,0,0,0
spot_653,아미고라운드,75,0,4.5,3,0,0,0,0,0,1,0,0,1
spot_654,캐니언파크 제주점,67.5,0,3.75,3.6,0,0,0,0,0,1,0,0,1
spot_656,서우봉 산책로,52,0.166666667,4.266666667,0.846153846,0,0,0,0,0,0,1,0,0
spot_657,중문회어시장,30,0.25,4,1.75,0,0,0,1,0,0,0,0,0
spot_658,레이져서바이벌M,30,0,4.333333333,2.333333333,0,0,0,0,1,0,0,0,1
spot_77,우도봉수대,30,0,5,0.5,1,1,0,0,0,0,0,0,0
spot_664,시와스튜디오,60,0,4.25,0.333333333,0,0,1,0,0,0,0,0,1
spot_666,건강과성박물관,70.58823529,0.058823529,2.823529412,0.916666667,0,1,0,0,0,0,0,0,0
spot_668,지두청사,60,0.333333333,4,1,1,0,0,0,0,0,0,0,0
spot_669,과물노천탕,25.71428571,0,3.428571429,1.2,1,1,0,0,0,0,0,0,0
spot_673,석예원 본초족욕 성산,42,0.1,4.2,1.666666667,0,0,0,0,0,1,0,0,1
spot_674,군산,50.76923077,0.153846154,4.461538462,1.375,1,0,0,0,0,0,1,0,1
spot_676,1100고지습지 람사르습지,42,0.4,4.6,0.75,1,0,0,0,0,0,1,0,0
spot_682,신제주유람선,60,0,4,2.5,0,0,0,0,1,0,0,0,0
spot_684,천아계곡,71.25,0.1875,4.5625,0.833333333,1,0,0,0,0,0,1,0,0
spot_685,제주특별자치도 민속자연사박물관,54.375,0.125,4.0625,1.25,0,1,0,0,0,0,0,0,0
spot_687,올레길 4코스(표선-남원 올레),84,0,3.9,1.333333333,0,0,0,0,0,0,1,0,0
spot_688,제주목 관아,44.34782609,0,3.652173913,0.555555556,0,1,0,0,0,0,0,0,0
spot_689,디앤디파트먼트 제주,50,0.111111111,3.444444444,1.222222222,0,0,1,1,0,0,0,0,0
spot_690,작가의산책길,45,0.25,4.25,0.125,0,0,0,0,0,0,1,0,0
spot_691,다이소 서귀포중문점,40,0,4.333333333,2,0,0,0,1,0,0,0,0,0
spot_694,중문골프연습장,60,0,5,0,0,0,0,0,1,0,0,0,0
spot_697,안돌오름,53.57142857,0.142857143,4.071428571,1.090909091,1,0,0,0,0,0,1,0,0
spot_698,다랑쉬오름,74,0.133333333,3.866666667,1,1,0,0,0,0,0,1,0,0
spot_699,오늘은녹차한잔,63.75,0.0625,3.8125,2.833333333,1,0,0,0,0,0,1,0,1
spot_700,한라산 성판악탐방안내소,195,0,4,1,1,0,0,0,0,0,1,0,0
spot_703,삼매봉,40,0,3.333333333,1.666666667,1,0,0,0,0,0,0,0,0
spot_704,제주라프,62.30769231,0,4.076923077,2.272727273,0,0,0,0,1,0,0,0,1
spot_705,관곶,42,0,4.2,2,1,1,0,0,0,0,0,0,0
spot_710,와흘메밀농촌체험휴양마을,46.4516129,0.032258065,4.161290323,1.375,0,0,0,0,0,0,0,0,1
spot_712,송악산,69.18367347,0.408163265,4.408163265,1.324324324,1,0,0,0,0,0,0,0,0
spot_713,제주제트 중문점,57.5,0,4.75,1.4,0,0,0,0,1,0,0,0,1
spot_714,원앤온리,30,0,4,1,1,0,0,0,0,0,0,0,0
spot_717,관음사,38.57142857,0.214285714,4.285714286,1.44,1,1,0,0,0,0,0,0,0
spot_718,수월봉지질트레일,45.6,0.2,4,1.173913043,0,0,0,0,0,0,0,0,1
spot_719,한림수협마트,30,0.25,5,3.333333333,0,0,0,1,0,0,0,0,0
spot_720,이마트 제주점,40,0.185185185,3.925925926,1.35,0,0,0,1,0,0,0,0,0
spot_722,포레스트사파리,80,0,4.666666667,5,0,0,1,0,0,1,0,0,0
spot_725,감따남,70,0,3.333333333,2,0,0,0,0,0,0,0,0,1
spot_728,텐저린267,60,0,4.428571429,0.5,0,0,0,0,0,0,0,0,1
spot_730,장한철 생가,41.25,0,3.25,0.75,0,1,0,0,0,0,0,0,0
spot_738,알작지해변,45,0,4.25,1,1,0,0,0,0,0,0,0,0
spot_740,홈플러스 서귀포점,51.42857143,0.285714286,4.071428571,1.916666667,0,0,0,1,0,0,0,0,0
spot_741,천미천,30,0,4.5,1.25,1,0,0,0,0,0,0,0,0
spot_742,테디베어 사파리,45,0,4,3.5,0,0,1,0,0,0,0,0,1
spot_743,송정농원,60,0,2.666666667,1.333333333,0,0,0,0,0,0,0,0,1
spot_744,싱계물공원,60,0.304347826,4.347826087,1.705882353,1,0,0,0,0,0,0,0,0
spot_750,한라산국립공원 성판악탐방로,402.7272727,0.272727273,4.272727273,1.344827586,1,0,0,0,0,0,1,0,0
spot_752,삼양해수욕장,60.78947368,0.157894737,4,0.735294118,1,0,0,0,0,0,0,0,0
spot_753,무민랜드제주,117.6923077,0,3.923076923,2.111111111,0,1,1,0,0,1,0,0,1
spot_754,올레시장,60,0.5,2.5,1,0,0,0,1,0,0,0,0,0
spot_755,강정해오름노을길,30,0,5,0.5,1,0,0,0,0,0,1,0,0
spot_756,법화사,41.25,0,4.625,1.25,0,1,0,0,0,0,0,0,0
spot_757,서해랑케이블카,30,0,4,1,0,0,0,0,0,1,0,0,0
spot_758,제주해양동물박물관,81.42857143,0,3.857142857,2.4,0,1,0,0,0,0,0,0,0
spot_759,키아나요가,90,0,4.5,1,0,0,0,0,1,0,0,0,0
spot_760,클럽클리프,135,0,3.5,0.5,0,0,1,1,0,0,0,0,0
spot_762,이중섭거주지,20,0.166666667,3.666666667,1,0,1,0,0,0,0,0,0,0
spot_763,탑동광장,53.25,0.275,3.875,0.861111111,1,0,1,1,1,0,1,1,1
spot_765,로로패들보드클럽,240,0,5,0,0,0,0,0,1,0,0,0,0
spot_770,성산포수협 수산물직판장,30,0,2,3,0,0,0,1,0,0,0,0,0
spot_771,기억해제주,30,0,3,0.333333333,0,0,0,1,0,0,0,0,0
spot_774,이마트 신제주점,40.46511628,0.372093023,3.720930233,1.342857143,0,0,0,1,0,0,0,0,0
spot_776,올레길 6코스(쇠소깍-서귀포 올레),48,0.1,4,0.875,0,0,0,0,0,0,1,0,0
spot_777,김녕미로공원,78,0.266666667,3.866666667,2.769230769,1,0,0,0,0,0,0,0,0
spot_783,그랜드하얏트제주 수영장,100,0.333333333,5,1.333333333,0,0,0,0,0,1,0,0,0
spot_785,해미안,90,0,3,0,0,0,0,0,0,0,0,0,1
spot_787,하이커하우스 보보,30,0,4,4,0,0,0,1,0,0,0,0,0
spot_788,별도봉산책로,60,1,5,1,0,0,0,0,0,0,1,0,0
spot_789,가마오름,60,0,3,1,1,0,0,0,0,0,0,0,0
spot_790,제주아리랑,90,0,4.5,2.666666667,0,0,1,0,0,0,0,0,1
spot_793,제주안전체험관,87,0.3,4.6,2.875,0,0,0,0,0,0,0,0,1
spot_800,세기알해변,76.15384615,0.153846154,4.769230769,1,1,0,0,0,1,0,0,0,0
spot_803,월정스캔들,30,1,5,1,0,0,0,0,0,0,0,0,1
spot_804,사라봉공원,48,0.2,4.1,0.375,1,0,0,0,0,0,0,0,0
spot_805,세화당구클럽,90,0,3,1,0,0,0,0,1,0,0,0,0
spot_806,함덕리486,15,0,3.5,1.5,1,0,0,1,0,0,0,0,0
spot_807,올레길 20코스(김녕-하도 올레),92.72727273,0.090909091,4.454545455,0.833333333,0,0,0,0,0,0,1,0,0
spot_808,휘닉스제주섭지코지 해안산책로,110,0.666666667,4.333333333,3.666666667,0,0,0,0,0,0,1,0,0
spot_810,수모루공원,30,0,2,0,1,0,0,0,0,0,0,0,0
spot_811,산짓물공원,60,0,3,1,1,0,0,0,0,0,0,0,0
spot_816,녹차동굴,50,0,4,0.25,1,0,0,0,0,0,0,0,0
spot_817,빛의 벙커,79.09090909,0.181818182,4.272727273,1.533333333,0,0,1,0,0,1,0,0,0
spot_820,낙타트래킹,47.64705882,0,3.882352941,1.833333333,0,0,0,0,0,0,0,0,1
spot_821,신화워터파크 실내워터파크동,190,0.333333333,4,2.5,0,0,0,0,0,1,0,0,0
spot_825,삼위일체대성당,60,0,5,0,0,1,0,0,0,0,0,0,0
spot_826,우도산호해변,34.54545455,0.333333333,4.424242424,2.36,1,0,0,0,0,0,0,0,0
spot_829,우도잠수함,102,0,4.2,2,0,0,0,0,0,0,0,0,1
spot_832,선물고팡 함덕점,35,0,3.333333333,1.8,0,0,0,1,0,0,0,0,0
spot_835,세계조가비박물관,40,0.333333333,3,2.5,0,1,0,0,0,0,0,0,0
spot_837,제주도 서귀포 유람선,180,0,5,3,0,0,0,0,1,0,0,0,0
spot_840,보롬왓카페,140,0,3.666666667,2,0,0,0,0,0,0,0,0,1
spot_841,서귀다원,76.66666667,0,3.888888889,0.857142857,1,0,0,0,0,0,1,0,1
spot_842,휴애리핑크뮬리축제,75,0.166666667,3.833333333,1.2,0,0,0,0,0,0,0,1,0
spot_852,원당봉,75,0,4,0,1,0,0,0,0,0,1,0,0
spot_854,목화오름,90,0,5,0,1,0,0,0,0,0,0,0,0
spot_856,미유,30,0,4,1,0,0,0,1,0,0,0,0,0
spot_857,애월해안도로,49.56521739,0.434782609,4.434782609,0.941176471,1,0,0,0,0,0,1,0,0
spot_858,토종흑염소목장,75,0,4.25,2,0,0,0,0,0,0,0,0,1
spot_862,라온골프클럽,345,0,4.5,2.5,0,0,0,0,1,0,0,0,0
spot_865,오저여,46.15384615,0,4.461538462,1.384615385,1,0,0,0,0,0,1,0,0
spot_867,가파도,158.9189189,0,4.054054054,1.545454545,1,0,0,0,0,0,1,0,1
spot_870,올레길 1코스(시흥-광치기 올레) 역방,120,1,5,0,0,0,0,0,0,0,1,0,0
spot_871,도시해녀,180,0,5,0.666666667,0,0,0,0,1,0,0,0,1
spot_877,문섬,210,1,4.8,1,0,0,0,0,1,0,0,0,1
spot_879,한림수협위판장,50,0.333333333,4.666666667,1,0,0,0,1,0,0,0,0,0
spot_880,월정리해안도로,45,1,5,1,1,0,0,0,0,0,1,0,0
spot_881,미니K코인노래연습장,45,0,4,1,0,0,0,1,0,0,0,0,0
spot_883,제주신화월드 신화쇼핑스트리트,48.75,0.5,3.375,2.6,0,0,0,1,0,1,0,0,0
spot_884,사려니숲길 입구,68.57142857,0.142857143,4,2,1,0,0,0,0,0,1,0,0
spot_885,노형수산시장,120,0,3.714285714,2.166666667,0,0,0,1,0,0,0,0,0
spot_886,세리월드 카트레이싱,50,0,3.666666667,3,0,0,0,0,1,0,0,0,0
spot_888,제주불빛정원,56.25,0,3.125,2.833333333,0,0,1,0,0,1,0,1,0
spot_889,은쥬얼LEE,0,0,3,0,0,0,0,1,0,0,0,0,0
spot_892,진성배낚시,156,0,4.6,1.25,0,0,0,0,0,0,0,0,1
spot_893,레이저아레나 엑스 제주점,66,0,4.4,1.6,0,0,0,0,1,1,0,0,1
spot_894,느지리오름,36,0,3.2,2,1,0,0,0,0,0,1,0,0
spot_895,섶섬,210,0.4,4.4,1,1,0,0,0,1,0,0,0,1
spot_896,캔디원,72,0.2,3.4,1.8,0,0,0,0,0,0,0,0,1
spot_899,다이나믹메이즈 제주도성읍점,69.23076923,0.230769231,4.076923077,2.454545455,0,0,0,0,1,1,0,0,1
spot_902,제주농원,60,0,4,0.75,0,0,0,0,0,0,0,0,1
spot_903,옥돔마을,60,0,4,10,0,0,0,0,0,0,1,0,0
spot_905,쇠소깍관광지,59.26829268,0.317073171,3.87804878,2.137931034,1,1,0,0,1,0,1,0,1
spot_908,차귀도놀빛바다,210,0,5,1,0,0,0,0,0,0,0,0,1
spot_911,김영갑갤러리두모악,49.09090909,0.272727273,3.727272727,0.9,0,0,1,0,0,0,0,0,0
spot_915,남제주 비행기 격납고,30,0,5,1,0,1,0,0,0,0,0,0,0
spot_917,표선해변 인증센터,15,0.25,4.25,1,0,0,0,0,0,0,0,0,1
spot_918,어음리억새군락지,45,0,4.107142857,1.192307692,1,0,0,0,0,0,1,0,0
spot_921,용담체육공원,60,0,5,2,0,0,0,0,1,0,0,0,0
spot_923,걸서악,30,0,5,1,1,0,0,0,0,0,0,0,0
spot_924,세컨드스토리,60,0,3,0,1,0,0,0,0,0,0,0,0
spot_925,조천해안도로,30,0,4,1,1,0,0,0,0,0,0,0,0
spot_927,한담공원,60,0.2,4.6,0.5,1,0,0,0,0,0,0,0,0
spot_931,제주도립김창열미술관,45.6,0.04,4,0.80952381,0,0,1,0,0,0,0,0,0
spot_932,브릭캠퍼스 제주,80,0.111111111,4.222222222,3,0,0,1,0,0,1,0,0,1
spot_935,카페콜라,60,0,5,0,0,0,1,0,0,0,0,0,0
spot_937,범섬,25.71428571,0.571428571,4.571428571,1.333333333,1,0,0,0,0,0,1,0,0
spot_381,쓩쓩렌탈샵 월정점,40,0,4,0.333333333,0,0,0,0,1,0,0,0,0
spot_942,김녕성세기해변 인증센터,22.5,0.25,5,0.666666667,0,0,0,0,0,0,0,0,1
spot_943,은희네해장국 본점,30,0,5,0,0,0,0,1,0,0,0,0,0
spot_944,한촌설렁탕 제주동광육거리점,30,1,5,3,0,0,0,1,0,0,0,0,0
spot_946,우보악,60,0,4,1,0,0,0,0,0,0,1,0,0
spot_948,순례자의교회,30,0.25,3.5,2,0,1,0,0,0,0,0,0,0
spot_950,산지천,42,0.4,4.4,0.2,0,0,0,0,0,0,1,1,0
spot_952,플레이스캠프제주,42,0.6,4,1.2,0,0,0,1,0,0,0,0,0
spot_953,향수공방,60,0,5,0,0,0,0,0,0,0,0,0,1
spot_954,제주4.3평화공원,60,0.333333333,4.444444444,0.625,0,1,1,0,0,0,0,0,0
spot_956,안덕계곡,47.5,0.333333333,4.166666667,1.272727273,1,1,0,0,0,0,0,0,0
spot_958,우도등대공원,45,0.25,3.75,2.666666667,1,0,0,0,0,0,0,0,0
spot_960,자구리 해안가,40,0,3.333333333,2,1,0,0,0,0,0,0,0,0
spot_962,스파오 신제주점,30,0,3.5,0,0,0,0,1,0,0,0,0,0
spot_964,제주항일기념관,45,0,4.5,0.5,0,1,0,0,0,0,0,0,0
spot_966,노을해안로,67.5,0.25,4.75,1.666666667,1,0,0,0,0,0,1,0,1
spot_968,산방산 유람선,67.5,0,3.75,1.75,0,0,0,0,1,0,0,0,0
spot_972,뱅듸승마클럽,75,0,5,1,0,0,0,0,1,0,0,0,0
spot_973,탐라문화광장,45,0.25,3.5,0.75,0,0,1,1,0,0,0,1,0
spot_974,언더워터스쿠버,220,0.666666667,5,1,0,0,0,0,1,0,0,0,0
spot_978,제주허브동산,74.28571429,0.047619048,4.047619048,1.222222222,1,0,1,0,0,1,0,0,1
spot_979,조천읍도서관,30,0,4,0,0,0,1,0,0,0,0,0,0
spot_982,별방진,35.29411765,0.235294118,3.588235294,0.909090909,1,1,0,0,0,0,0,0,0
spot_984,제주오름ATV,120,0,5,1,0,0,0,0,1,0,0,0,0
spot_985,고근산 산책로,60,0,4.5,1.5,0,0,0,0,0,0,1,0,0
spot_987,금호리조트 제주아쿠아나,195,0,4.333333333,3,0,0,0,0,0,1,0,0,0
spot_990,공천포,30,1,5,0,1,0,0,0,0,0,0,0,0
spot_991,그리스신화박물관,76.66666667,0.111111111,3,2.166666667,0,1,0,0,0,0,0,0,0
spot_992,올티스,90,0,4,1.5,0,0,0,0,0,0,0,0,1
spot_993,이룸갤러리,70,0,3,0,0,0,1,0,0,0,0,0,0
spot_994,문화공간비수기,150,1,5,0,0,0,1,0,0,0,0,0,0
spot_995,아프리카박물관,66.66666667,0.222222222,3.333333333,1.888888889,0,1,0,0,0,0,0,0,0
spot_997,옹포,60,0,3,0,1,0,0,0,0,0,0,0,0
spot_999,섯알오름,60,0,5,1,0,1,0,0,0,0,0,0,0
spot_1001,제주아트서커스,80.76923077,0.115384615,4.115384615,2.25,0,0,1,0,0,1,0,0,0
spot_1002,비양도등대,50,0,4.666666667,1.666666667,1,0,0,0,0,0,1,0,0
spot_1005,본초족욕,60,0,4.333333333,1.5,0,0,0,0,0,0,0,0,1
spot_1006,하멜상선전시관,35,0.166666667,3.666666667,2.5,0,0,1,0,0,0,0,0,0
spot_1009,봉봉감귤체험농장,60,0,4.666666667,1.333333333,0,0,0,0,0,0,0,0,1
spot_1011,제주오쿠다 2호점,60,0,5,1,0,0,0,0,0,0,0,0,1
spot_1012,덴드리,52.5,0,4.25,2.75,0,0,0,0,0,0,0,0,1
spot_1013,닭머르해안길 1코스,38,0,3.933333333,1.642857143,1,0,0,0,0,0,1,0,0
spot_1014,저지예술정보화마을,40,0,4,0.666666667,0,0,0,0,0,0,1,0,0
spot_1015,제주오름승마랜드,52.5,0.25,4.5,2.5,0,0,0,0,1,0,0,0,1
spot_1016,듬뿍토스트,30,0,3,0,0,0,0,1,0,0,0,0,0
spot_1020,선녀와나무꾼 테마공원,77.5,0.166666667,3.583333333,3.181818182,0,0,0,0,0,1,0,0,0
spot_1021,김서프제주,131.25,0.125,4.25,0.857142857,0,0,0,0,1,0,0,0,0
spot_1022,하효항,80,0,3.666666667,1.333333333,1,0,0,0,1,0,0,0,0
spot_1024,해변산책,55.71428571,0.285714286,4.571428571,1.571428571,0,0,0,0,0,0,1,0,0
spot_1025,추사유배지,37.5,0.125,4.125,0.8,0,1,0,0,0,0,0,0,0
spot_1027,서프앤조이,195,0.5,4.5,0.5,0,0,0,0,1,0,0,0,0
spot_1028,제주커피박물관 바움,45,0.166666667,4.333333333,0.6,0,1,0,0,0,0,0,0,0
spot_1031,공백,72,0,3.2,1.75,0,0,1,0,0,0,0,0,0
spot_1032,취다선 티앤메디테이션,90,0.333333333,4.333333333,0,0,0,0,0,1,0,0,0,1
spot_1033,제주 유리의성,60,0.5,4,3,0,0,0,0,0,1,0,0,1
spot_1035,한거리푸줏간,70,0,4.333333333,0.5,0,0,0,1,0,0,0,0,0
spot_1036,용두암해수랜드,120,0.333333333,4.666666667,1.666666667,0,0,0,0,0,1,0,0,0
spot_1037,머큐어앰배서더 제주,100,0,5,3,0,0,0,0,1,0,0,0,0
spot_1038,함덕해수욕장 도로,60,1,5,7,1,0,0,0,0,0,0,0,0
spot_1041,도두몰,30,0,3.5,1,0,0,0,1,0,0,0,0,0
spot_1044,곽금8경버들못,90,0,4,0,0,0,0,0,0,0,1,0,0
spot_1047,혼인지,40.90909091,0.363636364,3.636363636,1.625,1,1,0,0,0,0,0,0,0
spot_1051,논짓물해수족욕카페,54,0,3.8,1,0,0,0,0,0,0,0,0,1
spot_1052,일과리해안도로,30,0,4.5,1,1,0,0,0,0,0,1,0,0
spot_1053,위미항활어회센터,30,0,5,1,0,0,0,1,0,0,0,0,0
spot_1055,제주 종달리전망대,30,0,4,2,1,0,0,0,0,0,0,0,0
spot_1057,대한불교조계종천왕사,38.57142857,0.071428571,3.571428571,1.181818182,1,1,0,0,0,0,0,0,1
spot_1058,수망다원,90,0,4,4,0,0,0,0,0,0,0,0,1
spot_1059,수월봉전망대,40.90909091,0.272727273,4.090909091,1.6,1,1,0,0,0,0,1,0,0
spot_1061,선물고팡 제주공항점,40,0,4,1.666666667,0,0,0,1,0,0,0,0,0
spot_1063,끌로드아트홀,300,1,5,0,0,0,1,0,0,0,0,0,0
spot_1064,서프블루,150,0,4.333333333,1.5,0,0,0,0,1,0,0,0,0
spot_1072,다이소 제주애월점,22.5,0.5,3.25,2,0,0,0,1,0,0,0,0,0
spot_1073,신도리 노을해안로,0,0,5,0,1,0,0,0,0,0,0,0,0
spot_1075,올레길 7코스일부(올레여행자센터- 법환포구)),120,0,5,1,0,0,0,0,0,0,1,0,0
spot_1080,섭지코지전망대,30,0,4.333333333,0.666666667,0,1,0,0,0,0,1,0,0
spot_1085,송당무끈모루,34,0.133333333,3.4,1.090909091,1,0,0,0,0,0,1,0,0
spot_1087,터진목,30,0,3.5,0,0,1,0,0,0,0,0,0,0
spot_1090,제일떡집,30,1,5,1,0,0,0,1,0,0,0,0,0
spot_1092,성산일출봉 인증센터,20,0,4.666666667,1,0,0,0,0,0,0,0,0,1
spot_1095,엉불턱 우도전망대,30,0,3,1,0,0,0,0,0,0,1,0,0
spot_1096,미령이네감귤체험농장,60,0,4,1,0,0,0,0,0,0,0,0,1
spot_1097,초콜릿랜드,90,0,4,2,0,0,0,0,0,0,0,0,1
spot_1100,우도팔경동굴보트,30,0,4.5,2.5,0,0,0,0,1,0,0,0,1
spot_1109,제주로컬 썸제주,30,0,4.4,1,0,0,0,1,0,0,0,0,0
spot_1111,서울야시장,30,0,3,0,0,0,0,1,0,0,0,0,0
spot_1112,서복공원,20,0,3.333333333,0,1,0,0,0,0,0,0,0,0
spot_1115,한동리 해맞이 해안로,30,0,5,0,0,0,0,0,0,0,1,0,0
spot_1116,화순곶자왈탐방로 입구,60,0,4,1,1,0,0,0,0,0,0,0,0
spot_1117,송당승마장,45,0,3,1.5,0,0,0,0,1,0,0,0,1
spot_1118,골프존카운티 오라,0,0,5,0,0,0,0,0,1,0,0,0,0
spot_1119,삼성혈,43.63636364,0.227272727,3.863636364,0.642857143,1,1,0,0,0,0,0,0,0
spot_1124,베케,50,0.666666667,5,1,1,0,0,0,0,1,0,0,1
spot_1125,제주드림타워,60,0,3.5,0.75,0,0,1,1,0,0,0,0,0
spot_955,누웨마루거리,56.66666667,0.333333333,3.888888889,0.625,0,0,0,1,0,0,0,0,0
spot_1130,구좌읍 해변도로,30,0,3,7,1,0,0,0,0,0,0,0,0
spot_1134,우도올레보트,41.25,0,4.625,2.5,0,0,0,0,1,0,0,0,1
spot_1135,서귀포기적의도서관,150,0,4,4,0,0,1,0,0,0,0,0,0
spot_1138,짱죽 제주점,30,0,3,3,0,0,0,1,0,0,0,0,0
spot_1145,모슬포중앙시장,42,0.2,2.6,1.5,0,0,0,1,0,0,0,0,0
spot_1147,한라산둘레길 천아숲길,98.57142857,0,4.142857143,1.166666667,1,0,0,0,0,0,1,0,0
spot_1148,함덕돌핀레져,60,0,5,1,0,0,0,0,1,0,0,0,0
spot_1150,연동연대,30,0,5,0,1,0,0,0,0,0,0,0,0
spot_1151,퍼시픽리솜 요트투어샹그릴라,80,0.333333333,3.666666667,2,1,0,0,0,0,0,1,0,1
spot_1152,리틀비틀키즈카페 서귀포점,60,1,4,3,0,0,0,0,0,0,0,0,1
spot_1154,안녕성산,35,0,4.333333333,1.166666667,1,0,0,0,0,0,0,0,0
spot_1155,고씨주택,30,0,3.333333333,0,0,1,0,0,0,0,0,0,0
spot_1159,물의도시 베니스랜드,60,0,3.333333333,1,1,1,1,0,0,1,0,0,1
spot_1162,귤향체험농장,30,0,3.5,0,0,0,0,0,0,0,0,0,1
spot_1163,유채꽃프라자,68,0.333333333,4.133333333,1.923076923,1,0,0,1,0,0,1,0,0
spot_1164,정물오름,56.25,0,3.75,2.857142857,1,0,0,0,0,0,1,0,1
spot_1165,형제해안도로,45,0.375,4.625,0.8,1,0,0,0,0,0,1,0,0
spot_1166,가시리마을4.3길센터,60,0,5,0,0,0,1,0,0,0,0,0,0
spot_1168,이호체험배낚시,120,0,5,1,0,0,0,0,0,0,0,0,1
spot_1169,민트카페&스튜디오,90,0.5,4,2.5,0,0,1,0,0,0,0,0,1
spot_1174,개똥이네농장,120,0,5,4,0,0,0,0,0,0,0,0,1
spot_1176,제주남문교회,180,0,4,3,0,1,0,0,0,0,0,0,0
spot_1178,제주칠성로,45,0.166666667,3.333333333,1.333333333,0,0,0,1,0,0,1,0,0
spot_1179,올레길 3-A코스(온평-표선 올레),80,0.333333333,3.666666667,0,0,0,0,0,0,0,1,0,0
spot_1180,쇠물깍,30,0,3.5,2,1,1,0,0,0,0,0,0,0
spot_1184,제주밭담테마공원,15,0,2.75,0,0,0,0,0,0,1,0,0,0
spot_1186,세화오일장,30,0,3,1,0,0,0,1,0,0,0,0,0
spot_1189,한라산둘레길 안내센터,165,0,4.5,1.5,1,0,0,0,0,0,1,0,0
spot_1190,용마마을,41.25,0,4.375,1.166666667,0,0,0,0,0,0,1,0,0
spot_1192,하멜,30,0,4,3,0,0,0,1,0,0,0,0,0
spot_1194,송악산 인증센터,22.5,0,4.75,0.5,0,0,0,0,0,0,0,0,1
spot_1196,한수리방파제,30,0,5,1,1,0,0,0,0,0,0,0,0
spot_1197,서귀포항,129,0.7,4.1,5.1,1,0,0,0,1,0,1,1,0
spot_1200,표선해수욕장 야영장,60,0,5,1,1,0,0,0,0,0,0,0,0
spot_1201,해안도로입구 금릉동쪽방면,60,1,5,3,0,0,0,0,0,0,1,0,0
spot_1202,김만덕객주,30,0,4,0,0,1,0,0,0,0,0,0,0
spot_1203,어승생승마장,50,0,4,1.5,0,0,0,0,0,0,0,0,1
spot_1204,신세계사이먼 제주프리미엄전문점,57.27272727,0.545454545,3.848484848,1.48,0,0,0,1,0,0,0,0,0
spot_1210,박수기정,43.84615385,0.153846154,4,0.875,1,0,0,0,0,0,1,0,0
spot_1212,캐슬렉스제주,255,0,4,5,0,0,0,0,1,0,0,0,0
spot_1216,설문대여성문화센터,70,0.666666667,3.666666667,3,0,0,1,0,0,0,0,0,0
spot_1217,하영담아,90,0,4,2.5,0,0,0,0,0,0,0,0,1
spot_1218,신산공원,90,0.357142857,4.214285714,0.769230769,1,0,0,0,0,1,1,1,1
spot_1220,엉내공원,30,0,3,1,1,0,0,0,0,0,0,0,0
spot_1221,현애원&카페이스틀리,60,0,4.5,0,0,0,0,0,0,0,0,0,1
spot_1222,한림항,45,0.5,4.5,1,1,0,0,0,0,0,1,0,0
spot_1224,논짓물해변,56.66666667,0.333333333,4.222222222,0.571428571,1,0,0,0,0,0,0,0,0
spot_1225,탑동수산시장,90,0,5,2.5,0,0,0,1,0,0,0,0,0
spot_1227,서광서리마을운동장,300,0,5,0,0,0,0,0,0,0,0,1,0
spot_1228,5.16도로숲터널,30,0,4,1,1,0,0,0,0,0,0,0,0
spot_1233,새미동산,75,0,3.5,2,0,0,0,0,0,0,0,0,1
spot_1235,성산일출도서관,75,0,4.5,3,0,0,1,0,0,0,0,0,0
spot_1236,도련감귤나무숲,73.33333333,0,4,1.875,1,0,0,0,0,0,0,0,1
spot_1238,서광동리곶자왈생태탐방로,82.5,0,4.75,1.5,1,0,0,0,0,0,1,0,0
spot_1241,서귀포예술의전당,60,0.272727273,4.090909091,0.5,0,1,1,0,0,0,0,0,0
spot_1242,크랙온,150,0,5,1,0,0,0,0,0,0,0,0,1
spot_1243,우도사람들렌트,30,0,4,2,0,0,0,0,1,0,0,0,0
spot_1244,곱뜨락아띠,180,0,5,1,0,0,0,0,0,0,0,0,1
spot_1245,두모방파제,40,0,4.666666667,0.5,1,0,0,0,0,0,1,0,0
spot_1253,종달리 고망난돌 쉼터,40,0,4,0.5,1,0,0,0,0,0,1,0,0
spot_1255,쇠소깍 인증센터,22.5,0,4.75,0.5,0,0,0,0,0,0,0,0,1
spot_1259,라인업서프 하도,240,0,5,1,0,0,0,0,1,0,0,0,0
spot_1260,그림포레스트,30,0,4,1,0,0,1,0,0,0,0,0,0
spot_1264,농업회사법인고도농원,150,0,5,3,0,0,0,0,1,0,0,0,0
spot_1265,서귀포층 패류화석산지,30,0,3,1.5,1,1,0,0,0,0,0,0,0
spot_1266,올레길 7-1코스(월드컵경기장-서귀포 올레),127.5,0,4,0,0,0,0,0,0,0,1,0,0
spot_1267,휘닉스제주,70,0.333333333,5,9,1,0,0,0,1,0,0,0,1
spot_1268,큰노꼬메오름,124.2857143,0,4.571428571,0.5,1,0,0,0,0,0,1,0,0
spot_1269,우도해양도립공원,170,0.333333333,5,2,1,0,0,0,0,0,0,0,0
spot_1270,제주돌문화공원,77.14285714,0.071428571,4.571428571,2.75,1,0,0,0,0,0,0,0,0
spot_1272,구피풋,45,0,3.5,3.5,0,0,0,1,0,0,0,0,1
spot_1278,HAN컬렉션,30,0,4.5,1.5,0,0,0,1,0,0,0,0,0
spot_1280,윗세오름,218.5714286,0,4.571428571,0.6,1,0,0,0,0,0,1,0,0
spot_1282,한라산영실,255,0.333333333,4.833333333,1.166666667,1,0,0,0,0,0,1,0,0
spot_1283,CGV 제주,100,0.333333333,3.333333333,0,0,0,1,0,0,0,0,0,0
spot_1284,신창풍차전기자전거,60,0,5,1,0,0,0,0,1,0,0,0,0
spot_1286,군산오름 등산로 입구,42,0.2,4,1.333333333,1,0,0,0,0,0,1,0,0
spot_1287,서귀포자연휴양림,125.4545455,0,3.909090909,0.818181818,1,0,0,0,0,0,1,0,0
spot_1288,왕이메,60,0,4.75,0.666666667,1,0,0,0,0,0,1,0,1
spot_1291,루트서프,270,0.5,3.5,1,0,0,0,0,1,0,0,0,1
spot_1292,라라라,30,0,4,3,0,0,0,1,0,0,0,0,0
spot_1293,동법사,30,0,3,1,0,1,0,0,0,0,0,0,0
spot_1297,그랜드 하얏트 제주 수영장,75,0.5,5,1.5,0,0,0,0,0,1,0,0,0
spot_1303,모퉁이옷장,30,0,2,0.5,0,0,0,1,0,0,0,0,0
spot_1305,해동,90,0,5,0,0,0,0,0,0,0,1,0,0
spot_1306,대수산봉,60,0,4.333333333,1.666666667,1,0,0,0,0,0,0,0,0
spot_1307,오설록티뮤지엄 서광차밭,30,0.25,3.5,2,1,0,0,0,0,0,0,0,0
spot_1312,제주삼양동유적,30,0,3.5,0,0,1,0,0,0,0,0,0,0
spot_1313,막둥이해녀복순이네,30,0,5,0,0,0,0,0,0,0,0,0,1
spot_1314,저지예술인마을,45,0,4,2,0,0,0,0,0,0,1,0,0
spot_1317,한림면 수원리 일대,240,0,5,1,0,0,0,0,0,0,1,0,0
spot_1319,아일랜드스톤,240,0,5,1,0,0,0,1,0,0,0,0,0
spot_1322,명월국민학교,90,0,5,2,0,0,0,0,0,0,0,0,1
spot_1323,저지오름,84,0.2,3.6,1.8,1,0,0,0,0,0,1,0,0
spot_1329,팜파스 갈대정원,40,0,3,1,1,0,0,0,0,0,0,0,0
spot_1333,비밀의화원스튜디오,60,0,5,1,0,0,0,0,0,0,0,0,1
spot_1334,흑돼지거리,20,0,3.666666667,0,0,0,0,1,0,0,0,0,0
spot_1335,동복 해녀해산물직판장,60,0,5,0,0,1,0,0,0,0,0,0,0
spot_1336,캘리소프트서브 올레시장점,30,0,5,10,0,0,0,1,0,0,0,0,0
spot_1340,삼다수목장,60,0.666666667,4.666666667,2,0,0,0,0,1,0,1,0,1
spot_1341,박물관은살아있다 제주중문점,75,0.3,3.7,1.2,0,1,0,0,0,0,0,0,0
spot_1345,보름왓메밀밭,84,0,3.6,1,1,0,0,0,0,0,0,0,1
spot_1348,서귀포 잠수정,180,0,5,4,0,0,0,0,1,0,0,0,0
spot_1349,퍼시픽리솜 더클리프카페&펍,45,0,3,1.5,1,0,0,0,0,0,0,0,1
spot_1350,제주사월,30,0.2,4.4,1.25,0,0,0,1,0,0,0,0,0
spot_1351,올레길 10코스(화순-모슬포 올레),73.84615385,0.153846154,4.384615385,0.923076923,0,0,0,0,0,0,1,0,0
spot_1354,동홍힐링사우나,60,0,4,1,0,0,0,1,0,0,0,0,0
spot_1355,바이크제주,30,0.333333333,2.333333333,0,0,0,0,0,1,0,0,0,0
spot_1357,물영아리,63,0,4,0.7,1,0,0,0,0,0,1,0,0
spot_1358,늘벗펜션앞 등대,30,0,5,5,0,0,0,0,0,0,1,0,0
spot_1359,걸리버여행기,20,0.166666667,4.5,3.75,0,0,0,0,1,0,0,0,1
spot_1360,케이팝스타코인노래방,60,0,4,1,0,0,0,0,0,0,0,0,1
spot_1363,산방산둘레길,30,0,3,3,0,0,0,0,0,0,1,0,0
spot_1367,고산성당,420,1,5,1,0,1,0,0,0,0,0,0,0
spot_1370,수풍석박물관,70,0,2.666666667,0.333333333,0,1,0,0,0,0,0,0,0
spot_1371,서부농업기술센터,41.25,0.125,3.875,2.125,0,0,1,0,0,0,0,0,0
spot_1372,남도리쉼터,22.5,0,4,2.666666667,1,0,0,0,0,0,1,0,0
spot_1373,숨도,83.33333333,0.111111111,3.888888889,1.5,0,0,0,0,0,1,0,0,0
spot_1378,천하육회 시청점,60,0,4,0,0,0,0,1,0,0,0,0,0
spot_1382,나이브,120,0,5,0,0,0,0,1,0,0,0,0,0
spot_1383,아일랜드조이,90,0,5,3,0,0,1,0,0,0,0,0,0
spot_1385,제주거울미로 이상한나라의 앨리스,42,0.2,1.6,3,0,0,1,0,0,0,0,0,1
spot_1388,포도호텔,60,0.5,4.5,2,0,0,1,0,0,0,0,0,1
spot_1389,씨에스호텔앤리조트,210,0,5,0,0,1,0,0,0,0,0,0,0
spot_1391,북촌환해장성,30,0,3.333333333,1.333333333,1,1,0,0,0,0,0,0,0
spot_1392,한라생태숲,84,0.066666667,3.866666667,1.666666667,1,0,0,0,0,1,0,1,1
spot_1393,돈내코계곡,50,0.333333333,4.666666667,1.5,1,0,0,0,0,0,0,0,0
spot_1395,다인오세아노호텔 루프탑ARA,90,0,5,3,0,0,0,0,1,0,0,0,0
spot_1396,하효쇠소깍해변,52.94117647,0.117647059,4.117647059,2.125,1,0,0,0,0,0,1,0,1
spot_1397,세리월드,55.71428571,0,3,2.142857143,0,0,0,0,1,1,0,0,0
spot_1399,제주국제공항 JDC면세점,50,0.533333333,4.4,1.454545455,0,0,0,1,0,0,0,0,0
spot_1400,가는길에공방,30,0,3,2,0,0,0,1,0,0,0,0,0
spot_1401,드르쿰다 in성산,0,0,5,0,0,0,0,0,0,0,0,0,1
spot_1404,거슨세미오름,90,0,3,1.5,1,0,0,0,0,0,0,0,0
spot_1407,타라타전동킥보드,30,1,5,1,0,0,0,0,1,0,0,0,0
spot_1409,비양도망대,34.61538462,0.230769231,4.230769231,2.333333333,1,0,0,0,0,0,0,0,0
spot_1415,황우지해안,64,0.266666667,4.066666667,0.846153846,1,0,0,0,0,0,0,0,1
spot_1417,어리목휴게소,90,0,5,0,1,0,0,0,0,0,0,0,0
spot_1418,영락리 방파제,40,0.333333333,5,1,1,0,0,0,0,0,0,0,0
spot_1419,제주한잔세화,0,0,4,0,0,0,0,1,0,0,0,0,0
spot_1420,테리베리스,30,0,5,1,0,0,0,1,0,0,0,0,0
spot_1425,파인더웨이브,240,0,4,1,0,0,0,0,1,0,0,0,0
spot_1426,한동리 해변,60,1,4,0,0,0,0,0,1,0,0,0,0
spot_1427,섭지방파제,30,0,5,0,0,0,0,0,0,0,1,0,0
spot_1429,탑텐 제주연삼점,60,1,5,1,0,0,0,1,0,0,0,0,0
spot_1430,백록담,90,0.111111111,4.444444444,1,1,1,0,0,0,0,1,0,0
spot_1432,서문공설시장,42,0.2,3.8,2.25,0,0,0,1,0,0,0,0,0
spot_1440,우도정원,39,0.1,3.3,1.555555556,1,0,1,0,0,1,0,0,1
spot_1443,족은노꼬메오름,70,0,4,0.5,1,0,0,0,0,0,1,0,0
spot_1451,윈썸제주,90,0,4,1,0,0,0,0,0,0,0,0,1
spot_1454,퍼스트짐 신서귀포점,0,0,4,0,0,0,0,0,1,0,0,0,0
spot_1459,퍼시픽리솜 마린스테이지,75,0,4,2.5,0,0,1,0,1,1,0,0,1
spot_1460,마보기,75,0,3.5,0.5,1,0,0,0,0,0,1,0,0
spot_1461,카페베트로,105,0.5,5,3,0,0,0,0,0,0,0,0,1
spot_1463,서부두명품횟집거리,30,0,5,1,0,0,0,1,0,0,0,0,0
spot_1467,영주산,96.66666667,0.111111111,4.555555556,0.25,1,0,0,0,0,0,0,0,0
spot_1470,금악성당,30,0.5,5,1.5,0,1,0,0,0,0,0,0,0
spot_1471,마린뷰티,60,0,5,1,0,0,0,0,0,0,0,0,1
spot_1472,노형슈퍼,60,0,4,9,0,0,1,0,0,0,0,0,0
spot_1473,면형의집,30,1,5,0,0,1,0,0,0,0,0,0,0
spot_1474,제주스위스마을,37.5,0,3,0.75,0,0,0,0,0,0,1,0,0
spot_1477,사진놀이터,66.66666667,0.111111111,3.555555556,1.444444444,0,0,1,0,0,1,0,0,1
spot_1479,식산봉,48,0.2,4.6,1.5,1,0,0,0,0,0,1,0,0
spot_1480,제주하늘을날다 체험비행장소,120,0,3,0,0,0,0,0,0,0,0,0,1
spot_1483,열방교회,150,1,5,3,1,0,0,0,0,0,0,0,0
spot_1484,매오름,80,0,4.333333333,1.5,1,0,0,0,0,0,1,0,1
spot_1486,아뮤제,60,0,5,0,0,0,1,0,0,0,0,0,0
spot_1487,제주월드컵경기장,105,0.25,3.625,1,0,0,0,0,1,0,0,0,0
spot_1490,선흘리 1893,60,0,5,1,1,0,0,0,0,0,0,0,0
spot_1491,농업회사법인마미포유,30,0,4,5,0,0,0,1,0,0,0,0,0
spot_1495,쇠소깍제트보트,50,0,4.333333333,2.5,0,0,0,0,1,0,0,0,0
spot_1496,상효원튤립축제,90,0,4.5,0.5,0,0,0,0,0,0,0,1,0
spot_1497,싱싱잇,90,0,5,0,0,0,0,1,0,0,0,0,0
spot_1499,오늘은카트레이싱,48,0,4.2,2.333333333,0,0,0,0,1,0,0,0,0
spot_1501,탑동해안로,30,0,3.5,0,0,0,0,0,0,0,1,0,0
spot_1505,카페 귤한가,85,0,4.5,2.4,0,0,0,1,0,0,0,0,0
spot_1506,닭머르해안길,30,0,5,1,1,0,0,0,0,0,0,0,0
spot_1509,성산포수협 활어위판센터,30,1,4,2,0,0,0,1,0,0,0,0,0
spot_1511,블루하와이리조트,240,1,5,3,0,0,0,0,0,0,0,1,0
spot_1512,신천목장,45,0,5,1,1,0,0,0,0,0,0,0,0
spot_1513,컨테이너야드협재타운,30,0,2,1,0,0,0,1,0,0,0,0,0
spot_1514,칠성로쇼핑거리,77.14285714,0.5,3.928571429,0.5,0,0,0,1,0,0,0,0,0
spot_1515,제주시산림조합 나무시장,30,0,4,0,0,0,0,1,0,0,0,0,0
spot_1516,한남시험림탐방,170,0,5,0.5,1,0,0,0,0,0,1,0,0
spot_1517,보내다제주,30,0,3,0,0,0,0,0,0,0,0,0,1
spot_1520,우도성산유람선,0,1,5,1,0,0,0,0,1,0,0,0,0
spot_1527,홍조단괴해빈,50,0.333333333,4.333333333,1,1,0,0,0,0,0,0,0,0
spot_1528,큰바리메,30,0,3.25,1.666666667,1,0,0,0,0,0,0,0,0
spot_1531,태웃개,96,0.2,4.9,1.444444444,1,0,0,0,0,0,0,0,1
spot_1532,바램,75,0,3.5,2,0,0,0,0,0,0,0,0,1
spot_1534,아라리오뮤지엄 동문모텔2,60,0,4.5,0,0,0,1,0,0,0,0,0,0
spot_1535,애브리바디빈티지 우먼,30,0,5,1,0,0,0,1,0,0,0,0,0
spot_1536,제주애퐁당 쇠소깍점,30,0,3,1,0,0,0,1,0,0,0,0,0
spot_1537,관덕정,31.66666667,0.111111111,3.833333333,0.333333333,0,1,0,0,0,0,1,0,0
spot_1540,김택화미술관,60,0.25,4,5,0,0,1,0,0,0,0,0,0
spot_1542,탐라승마장,37.5,0,2,1.75,0,0,0,0,1,0,0,0,1
spot_1543,화순 곶자왈생태탐방숲길,54,0.4,4.6,1,1,0,0,0,0,0,1,0,1
spot_1544,생각하는정원,60,0,3.5,3.4,1,0,1,0,0,1,0,0,0
spot_1548,산지천갤러리,30,0.5,4,0,0,0,1,0,0,0,0,0,0
spot_1552,마농토스트,30,0,5,1,0,0,0,1,0,0,0,0,0
spot_1557,미깡창고,83.33333333,0,4.555555556,1.285714286,0,0,0,0,0,0,0,0,1
spot_1562,카페글렌코,60,0.111111111,3.666666667,2.375,0,0,1,0,0,0,1,0,1
spot_1565,애니멀고파크 제주신화월드점,30,0,5,2,0,0,0,0,0,0,0,0,1
spot_1566,동한두기,30,0.666666667,4.333333333,0.333333333,1,0,0,0,0,0,1,0,0
spot_1568,가파도상동포구 대합실,30,0,5,0,1,0,0,0,0,0,0,0,0
spot_1569,예래팜 창천점,60,0,4.333333333,2.333333333,0,0,0,0,0,0,0,0,1
spot_1574,꽃길만걷차 산방산점,30,0,3,5,0,0,0,0,0,0,0,0,1
spot_1575,곽지 해수욕장,150,0,5,1,1,0,0,0,0,0,0,0,0
spot_1578,하효살롱협동조합,52.5,0,4.25,6.333333333,0,0,0,0,0,0,0,0,1
spot_1580,하례감귤체험농장,60,0,4.454545455,2.375,0,0,0,0,0,0,0,0,1
spot_1581,성읍녹차마을 영농조합법인,60,0,4.5,0,1,0,0,0,0,0,0,0,0
spot_1584,거린사슴 전망대,32.5,0.166666667,3.916666667,1.444444444,1,0,0,0,0,0,0,0,0
spot_1585,황우지해안열두굴,60,0.5,4,1,1,1,0,0,0,0,0,0,0
spot_1588,스누피가든 입구,180,0,5,2,0,0,0,0,0,1,0,0,1
spot_1590,서귀포 테니스장,120,0,5,1,0,0,0,0,1,0,0,0,0
spot_1591,강정천,90,0.333333333,4,1.666666667,1,0,0,0,0,0,0,0,0
spot_1596,한라산 탐라대피소,0,0,4,1,0,0,0,0,0,0,1,0,0
spot_1597,해거름마을공원 인증센터,25.71428571,0.142857143,4.571428571,0.666666667,0,0,0,0,0,0,0,0,1
spot_1598,무드,30,0,4,0,0,0,0,1,0,0,0,0,0
spot_1599,타이거탱크 힐링파크,75,0,4.5,2.5,0,0,0,0,0,0,0,0,1
spot_1603,새미은총의동산,60,0.5,4.5,2,0,1,0,0,0,0,0,0,0
spot_1605,만춘서점,30,0,4,0,0,0,0,1,0,0,0,0,0
spot_1607,놀빛바다호,180,0,5,1.5,0,0,0,0,0,0,0,0,1
spot_1608,국제리더스클럽,48,0,3.8,1,0,0,0,0,1,0,0,0,1
spot_1611,제주왕감귤체험농장,60,0,4.5,3,0,0,0,0,0,0,0,0,1
spot_1616,과수원피스,120,0,4.5,1,0,0,0,0,0,0,0,0,1
spot_1617,어보브앤비욘드,30,0,3,3,0,0,0,1,0,0,0,0,0
spot_1618,우리들컨트리클럽,390,0,5,2,0,0,0,0,1,0,0,0,0
spot_1623,샤넬 제주팝업부티크,30,0,5,0,0,0,0,1,0,0,0,0,0
spot_1626,조안베어뮤지엄,60,0,3,1,0,0,1,0,0,0,0,0,0
spot_1631,헤이서귀포,105,0,4.5,0.5,0,0,0,0,0,0,0,0,1
spot_1632,서우봉 일몰지,30,0.5,5,0.5,1,0,0,0,0,0,1,0,0
spot_1635,봄사무소,15,0,5,1,0,0,0,1,0,0,0,0,0
spot_1642,당오름,90,0,5,0,1,1,0,0,0,0,0,0,0
spot_1646,달콤다락,30,0,4,1,0,0,0,1,0,0,0,0,0
spot_1651,제주중문관광단지,69,0.2,3.8,0.875,1,0,0,1,0,1,1,1,0
spot_1652,한림수협,30,0.4,5,3,0,0,0,1,0,0,0,0,0
spot_1653,제주현대미술관 분관,30,0,3.333333333,0,0,0,1,0,0,0,0,0,0
spot_1654,아쿠아플라넷제주 오션아레나,60,0,5,1,0,0,0,0,0,1,0,0,0
spot_1657,창고망난돌,30,0,3.333333333,1.666666667,1,0,0,0,0,0,0,0,0
spot_1659,태흥교회,30,1,5,3,0,1,0,0,0,0,0,0,0
spot_1660,항파두리 항몽유적지 나홀로나무,37.5,0,3.75,1,0,1,0,0,0,0,0,0,0
spot_1664,귀덕궤물동산,30,0,4,0,1,0,0,0,0,0,0,0,0
spot_1666,1158족욕카페,60,0,5,0,0,0,0,0,0,0,0,0,1
spot_1668,꼬스뗀뇨,30,0,5,2,0,0,1,0,0,0,0,0,0
spot_1669,지진옥외대피장소 강정체육공원,30,0,5,3,0,0,0,0,1,0,0,0,0
spot_1672,한경면 용수항 일대,90,0,5,1,0,0,0,0,0,0,1,0,0
spot_1674,용천수탐방길,40,0,4.333333333,2,1,1,0,0,0,0,1,0,0
spot_1675,물메초등학교,150,0,4,4,0,0,0,0,1,0,0,0,0
spot_1678,중문더드림감귤,75,0,2.5,1,0,0,0,0,0,0,0,0,1
spot_1679,김녕떠오르길,30,0.5,3.5,1,1,0,0,0,0,0,0,0,0
spot_1681,안친오름,30,0,5,0,1,0,0,0,0,0,0,0,0
spot_1683,금능어촌계복지회관,30,0,5,0,0,1,0,0,0,0,0,0,0
spot_1685,스위스빌리지,30,0,4,1,0,0,0,1,0,0,0,0,0
spot_1687,우도다이브,120,0,5,1,0,0,0,0,1,0,0,0,0
spot_1690,졸띠체험승마,60,0,5,1.5,0,0,0,0,0,0,0,0,1
spot_1695,곱은달감귤체험농장,80,0,4.666666667,2.666666667,0,0,0,0,0,0,0,0,1
spot_1696,차이나타운 황제의계단,0,0,3,3,0,1,0,0,0,0,0,0,0
spot_1698,성산포수협활어회센터,45,0,4.5,2,0,0,0,1,0,0,0,0,0
spot_1699,마코다이브,210,0,5,0.5,0,0,0,0,1,0,0,0,0
spot_1701,한림민속5일시장,40,0,4,0.2,0,0,0,1,0,0,0,0,0
spot_1703,한라산국립공원 어승생악탐방로,100,0,4.5,0,1,0,0,0,0,0,1,0,0
spot_1705,보메와산 감귤체험농장,60,0,3.5,0.75,0,0,0,0,0,0,0,0,1
spot_1706,한라산국립공원 관음사지구안내소,15,0,4.5,0.5,1,0,0,0,0,0,1,0,0
spot_1710,에이스서프,150,0,3.666666667,0.666666667,0,0,0,0,1,0,0,0,0
spot_1711,조천항,90,0.5,3.5,0.5,1,0,0,1,0,0,0,0,0
spot_1716,그랑블루요트투어,82.5,0,4.75,1.5,0,0,0,0,1,0,0,0,1
spot_1717,테쉬폰,30,1,5,1,1,0,0,0,0,0,0,0,0
spot_1718,기당미술관 외돌개,60,0,4,3,0,0,1,0,0,0,0,0,0
spot_1720,성이시돌센터,40,0.333333333,5,0,0,0,1,0,0,0,0,0,0
spot_1721,두머니물공원,42,0.4,4,0.5,1,0,0,0,0,0,0,0,0
spot_1722,바이킹배낚시,150,0,5,3,0,0,0,0,0,0,0,0,1
spot_1723,용눈이오름,20,0.666666667,3,1,1,0,0,0,0,0,1,0,0
spot_1725,디퍼프리다이브,225,0.5,4,0,0,0,0,0,1,0,0,0,0
spot_1731,천년의숲 비자림,90,0,4,1,0,0,0,0,0,0,1,0,0
spot_1732,서귀포칠십리축제,37.5,0.5,3,2,0,0,0,0,0,0,0,1,0
spot_1733,두산봉,90,0,5,0,1,0,0,0,0,0,0,0,0
spot_1736,최남단체험감귤농장,90,0,3.333333333,1.5,0,0,0,0,0,0,0,0,1
spot_1737,올레길 15-B코스(한림-고내 올레),78,0.1,4,0.555555556,0,0,0,0,0,0,1,0,0
spot_1738,해뜨는초록마을,150,0,5,3,0,0,0,0,0,0,1,0,0
spot_1739,코코나라,30,0,4,1,0,0,0,0,1,0,0,0,0
spot_1743,간세다리족욕카페,30,0,4,2,0,0,0,0,0,0,0,0,1
spot_1745,제주성지,0,0,4,0,0,1,0,0,0,0,0,0,0
spot_1747,세미양오름,60,0,5,0,1,0,0,0,0,0,0,0,0
spot_1749,검은여 쉼터,75,0.5,4,0,0,0,0,0,0,0,1,0,0
spot_1756,올레길 15-A코스(한림-고내 올레),30,0.333333333,4.833333333,2.6,0,0,0,0,0,0,1,0,0
spot_1757,진아떡집,30,0,4.5,1.5,0,0,0,1,0,0,0,0,0
spot_1758,오가닉제주,30,0,3.5,1.5,0,0,0,1,0,0,0,0,0
spot_1761,한라산 삼각봉대피소,20,0,4.333333333,0.5,1,0,0,0,0,0,1,0,0
spot_1762,스케쳐스신제주2,30,0,5,1,0,0,0,1,0,0,0,0,0
spot_1763,조천만세동산,30,0,5,0,0,1,0,0,0,0,1,0,0
spot_1767,하모해변,33.75,0.125,3.25,1,1,0,0,0,0,0,0,0,0
spot_1768,빈티지어게인,30,0,4,1,0,0,0,1,0,0,0,0,0
spot_1770,J1카트클럽,60,0,3,0,0,0,0,0,1,0,0,0,0
spot_1771,용수항,30,1,5,1,0,0,0,0,0,0,1,0,0
spot_1776,제주중앙지하상가,30,0,4,1,0,0,0,1,0,0,0,0,0
spot_1781,짐보리,150,1,5,3,0,0,0,0,0,0,0,0,1
spot_1785,큰사슴이오름,70,0.166666667,4.833333333,0.8,1,0,0,0,0,0,1,0,0
spot_1786,법환바당 인증센터,70,0,4.333333333,1,0,0,0,0,0,0,0,0,1
spot_1789,서귀포매일올레시장 입구,60,0.5,5,0,0,0,0,1,0,0,0,0,0
spot_1790,쉼터체험농장,45,0,5,3,0,0,0,0,0,0,0,0,1
spot_1791,지금,90,0,5,0,0,0,0,0,1,0,0,0,0
spot_1792,수용배낚시,120,0.25,4.75,3.333333333,0,0,0,0,0,0,0,0,1
spot_1797,해녀의부엌 북촌점,150,0,3.5,3,0,0,1,0,0,0,0,1,0
spot_1799,놀라운트릭아이미술관,90,0,3.5,2,0,0,1,0,0,0,0,0,0
spot_1806,제주카약올레,38.18181818,0.090909091,4.272727273,1.857142857,0,0,0,0,1,0,0,0,1
spot_1807,중문회포장센터 새벽야시장,67.5,0.25,4,0.75,0,0,0,1,0,0,0,0,0
spot_1810,소심한책방,30,0,5,1,0,0,0,1,0,0,0,0,0
spot_1811,휘닉스제주섭지코지 수영장,90,0.333333333,4.5,3,0,0,0,0,0,1,0,0,0
spot_1814,과일천하농수산,30,0,4,0,0,0,0,1,0,0,0,0,0
spot_1816,핀크스GC,480,1,5,3,0,0,0,0,1,0,0,0,0
spot_1820,파라토도스,90,0.5,4,0.5,1,0,0,0,0,0,0,0,0
spot_1827,도리빨,90,0.5,4.5,2,1,0,0,0,1,0,0,0,0
spot_1839,술의식물원,60,0,5,1,0,0,0,0,0,1,0,0,0
spot_1842,성산일츌봉,120,1,5,1,0,1,0,0,0,0,0,0,0
spot_1855,한림성당,30,0,5,1,0,1,0,0,0,0,0,0,0
spot_1857,갈대 군락지,30,0,5,1,1,0,0,0,0,0,0,0,0
spot_1860,브랭섬홀 아시아 아이스링크,135,0,4,1.5,0,0,0,0,1,0,0,0,1
spot_1865,루씨쏜아뜰리에,180,0,4,0,0,0,0,0,0,0,0,0,1
spot_1868,애월항,50,0,3.333333333,2.333333333,1,0,0,0,0,0,0,0,0
spot_1869,청아투명카약,50,0,4,1.666666667,0,0,0,0,1,0,0,0,1
spot_1871,해오반 함덕점,60,0,5,0,1,0,0,0,0,0,0,0,0
spot_1872,제주애퐁당 본점,30,0,3,2,0,0,0,1,0,0,0,0,0
spot_1874,풍차로가는길,60,0,3,1,0,0,0,0,0,0,1,0,0
spot_1875,한라산둘레길 사려니숲길,240,0,4.5,0,1,0,0,0,0,0,0,0,0
spot_1877,소라의성,48,0.4,4.4,1,1,0,1,0,0,0,1,0,0
spot_1878,서귀북초등학교 놀이터,90,0,4,1,0,0,0,0,0,0,1,0,0
spot_1881,서귀진지,15,0,3,0,0,1,0,0,0,0,0,0,0
spot_1883,제주신화월드 코스모스밭,30,0,4,3,1,0,0,0,0,0,1,0,0
spot_1884,마라도가는여객선,45,0,3.5,1,1,0,0,0,0,0,0,0,0
spot_1888,귀덕바다 투명카약,54,0,3.2,3.25,0,0,0,0,1,0,0,0,1
spot_1891,더큐브리조트 제주,30,0,5,1,0,0,0,0,1,0,0,0,0
spot_1892,제주고산리유적,30,0,4,1,0,1,0,0,0,0,0,0,0
spot_1893,노을해안길 1코스,60,0.5,4.5,1,1,0,0,0,0,0,0,0,0
spot_1895,법환항,75,0,4.5,1,1,0,0,0,0,0,1,0,0
spot_1896,애월읍 어음리 갈대밭,30,0,5,1,1,0,0,0,0,0,0,0,0
spot_1898,초콜릿박물관,54,0,2.6,1.333333333,0,1,0,0,0,0,0,0,0
spot_1902,서귀포관광극장,30,0,3.333333333,0.666666667,0,0,1,0,0,0,0,0,1
spot_1906,자구리공원,30,0,3,1.5,1,0,0,0,0,0,0,0,0
spot_1909,왕이메오름 입구,70,0,3.833333333,0.5,1,0,0,0,0,0,1,0,0
spot_1910,애월온기,30,0,5,2,1,0,0,0,0,0,0,0,0
spot_1911,카페주디,60,1,5,0,0,0,0,0,0,0,0,0,1
spot_1916,맥파이브루잉컴퍼니 양조장,60,0,3,1.5,0,0,0,0,0,0,0,0,1
spot_1918,절물자연휴양림 산림문화휴양관,30,0,5,3,0,0,0,0,0,0,0,0,1
spot_1919,카페브브,90,1,4,1,0,0,0,0,0,0,0,0,1
spot_1920,제주별빛누리공원,127.5,0.25,4.75,0,1,0,0,0,0,0,0,0,1
spot_1922,대유ATV수렵사격랜드,72,0,3.6,1.25,0,0,0,0,1,0,0,0,1
spot_1929,폐동밭,30,0,4.5,2,1,0,0,0,0,0,0,0,0
spot_1933,이호항,30,0.333333333,4,2.5,1,0,0,0,0,0,0,0,0
spot_1934,제주참숯가마찜질방,270,0,5,0.5,0,0,0,0,0,1,0,0,0
spot_1935,제지기오름,45,0.166666667,4.333333333,0,1,0,0,0,0,0,1,0,0
spot_1936,성산포성당,37.5,0.25,4.25,2.5,0,1,0,0,0,0,0,0,0
spot_1937,보림사,30,1,4,0,0,1,0,0,0,0,0,0,0
spot_1946,유니클로 제주이도점,30,0,3,0,0,0,0,1,0,0,0,0,0
spot_1947,후해석벽,0,0,5,1,1,0,0,0,0,0,0,0,0
spot_1948,제주동문공설시장(야시장),60,0,4,3,0,0,0,1,0,0,0,0,0
spot_1954,소남머리,22.5,0,3.25,0,1,1,0,0,0,0,0,0,0
spot_1959,제주승마공원,60,0,4.333333333,1,1,0,0,0,0,0,0,0,0
spot_1961,빽다방 앤 긱스타 제주연동점,150,0,5,1,0,0,1,0,0,0,0,0,0
spot_1963,제주협재서프,270,0,5,1.5,0,0,0,0,1,0,0,0,1
spot_1964,토이파크,37.5,0,2.5,1,1,0,1,0,0,0,0,0,1
spot_1966,훈데르트윈즈,75,0,3,0.5,0,0,1,0,0,1,0,0,0
spot_1974,휘닉스제주 글라스하우스,60,1,5,2.5,1,0,1,0,0,0,0,0,0
spot_1977,제주탑동골목,120,0,2,1,0,0,1,0,0,0,0,0,0
spot_1979,김녕해수욕장 야영장,75,0,5,0.5,1,0,0,0,0,0,0,0,0
spot_1983,제주조천스위스마을,96.66666667,0.111111111,3.444444444,1.375,0,0,0,0,0,0,1,0,0
spot_1986,이호해양레저,50,0,3.333333333,2,0,0,0,0,1,0,0,0,1
spot_1994,두맹이골목,45,0.5,4,0,0,0,1,1,0,0,0,0,0
spot_1997,함덕잠수함,60,0,2.5,2.75,0,0,0,0,0,0,0,0,1
spot_1998,우정회센타,15,0.5,3,2.5,0,0,0,1,0,0,0,0,0
spot_1999,대아상회,60,1,5,2,0,0,0,1,0,0,0,0,0
spot_2000,윌라라 (허영만의 백반기행 촬영지),60,1,5,0,0,1,0,0,0,0,0,0,0
spot_2003,제주이야기 용두암점,30,0,5,3,0,0,0,1,0,0,0,0,0
spot_2007,새별레져ATV,75,0,4.5,0.5,0,0,0,0,1,0,0,0,0
spot_2009,M1971 요트투어,102.8571429,0,4.285714286,0.8,1,0,0,0,1,0,0,0,1
spot_2012,돌하르방미술관,45,0,3,1,0,0,1,0,0,0,0,0,0
spot_2013,함덕서우봉해변 인증센터,30,0.2,4.8,0.6,0,0,0,0,0,0,0,0,1
spot_2015,올레길 14코스(저지-한림 올레),30,0,4.2,0.5,0,0,0,0,0,0,1,0,0
spot_2017,한성오메기떡,45,1,4.5,0.5,0,0,0,1,0,0,0,0,0
spot_2020,마농치킨 본점,0,0,4,0,0,0,0,1,0,0,0,0,0
spot_2022,산방사,40,0.166666667,4.333333333,1.2,1,1,0,0,0,0,0,0,0
spot_2023,개오름,54,0,4.2,2.75,1,0,0,0,0,0,1,0,0
spot_2027,서귀포 올레길 - 천지연 윗길,30,1,5,0,0,0,0,0,0,0,1,0,0
spot_2030,사랑분식,30,0,4,1,0,0,0,1,0,0,0,0,0
spot_2032,노을해안1014,94.28571429,0.142857143,4.571428571,3,1,0,0,1,1,0,0,0,0
spot_2034,글라글라하와이,30,1,4,3,0,0,0,1,0,0,0,0,0
spot_2035,도란,90,0,5,1,0,0,0,1,0,0,0,0,0
spot_2042,성산항입구,30,0.5,4,3,1,0,0,0,0,0,0,0,0
spot_2045,추자도등대,0,0,5,1,0,0,0,0,0,0,1,0,0
spot_2047,제주해비치호텔앤리조트 수영장1,120,0,4,3,0,0,0,0,0,1,0,0,0
spot_2051,닭머르해안,30,0,5,1,1,0,0,0,0,0,0,0,0
spot_2053,무릉곶 자왈아름다운숲길,90,0,5,0,1,0,0,0,0,0,0,0,0
spot_2054,우도등대,48,0.2,4.8,0.5,1,1,0,0,0,0,0,0,0
spot_2058,제주도립미술관,150,0,4.6,0.6,0,0,1,0,0,0,0,0,0
spot_2060,천제2교,0,0,5,0,0,0,0,0,0,0,1,0,0
spot_2061,허니문하우스,90,0,4.5,0,1,0,0,0,0,0,1,0,0
spot_2062,이호테우해수욕장 화장실,180,0,5,1,1,0,0,0,0,0,0,0,0
spot_2067,동암사,30,0,5,1,0,1,0,0,0,0,0,0,0
spot_2068,동홍교회,60,1,5,0,0,1,0,0,0,0,0,0,0
spot_2070,제주삼촌,120,0,4,3,0,0,0,0,0,0,0,0,1
spot_2074,성산포항,30,0.25,3.5,1,1,0,0,0,0,0,0,0,0
spot_2076,신창해안도로,60,0,4,2,1,0,0,0,0,0,0,0,0
spot_2077,족은바리메,30,0,5,7,0,0,0,0,0,0,0,0,1
spot_2079,포레스트공룡사파리,0,0,3,2,1,0,0,0,0,0,0,0,0
spot_2084,프리페어,60,0,5,0,0,0,0,1,0,0,0,0,0
spot_2088,주상절리대,37.5,0.5,3.625,1.5,1,0,0,0,0,0,0,0,0
spot_2089,제주카페거리,45,0.5,3.5,1.5,0,0,0,1,0,0,0,0,0
spot_2092,말산메,60,0,5,0,1,0,0,0,0,0,0,0,0
spot_2094,도두사수항,30,1,5,0,1,0,0,0,0,0,0,0,0
spot_2095,정주항,90,0.333333333,3,1,1,0,0,0,0,0,0,0,1
spot_2098,알뜨르비행장,43.63636364,0.181818182,4.272727273,1,1,1,0,0,0,0,0,0,0
spot_2099,한남리머체왓숲길,95,0,4.5,0.166666667,1,0,0,0,0,0,1,0,0
spot_1796,운진항,30,0.5,5,1.5,1,0,0,0,0,0,0,0,0
spot_2102,부림온천,75,0,3.25,0.5,0,0,0,0,0,1,0,0,0
spot_2106,다이소 서귀포점,30,0,4,0,0,0,0,1,0,0,0,0,0
spot_2108,이호서프,180,0,3.5,1,0,0,0,0,1,0,0,0,1
spot_2110,제주킴스농장 귤창고,90,0,5,5,0,0,0,0,0,0,0,0,1
spot_2111,미카형증기기관차,30,0,5,3,0,1,0,0,0,0,0,0,0
spot_2112,한림바다체험마을,45,0,4,1,0,0,0,0,0,0,0,0,1
spot_2114,랜딩관 제주신화월드호텔앤리조트,60,0.5,3.5,4,0,0,0,0,0,1,0,0,0
spot_2116,고성오일시장 (우리들의블루스 촬영지),60,0,3,0,0,0,0,1,0,0,0,0,0
spot_2119,월정퀵서프,195,0.333333333,5,1.333333333,0,0,0,0,1,0,0,0,1
spot_2121,소노캄 제주,45,0,4,1,0,0,0,0,0,0,1,0,0
spot_2123,어니스트밀크 본점,120,1,5,2,0,0,0,0,0,0,0,0,1
spot_2124,소꼽놀이,30,0,5,1,0,0,0,1,0,0,0,0,0
spot_2125,명진농수특산물직판장,30,0,3,0,0,0,0,1,0,0,0,0,0
spot_2126,서프서프,210,0,5,2,0,0,0,0,1,0,0,0,0
spot_2132,천진항,24,0.2,4,0,1,0,0,0,0,0,0,0,0
spot_2134,오달콤제주 함덕점,0,0,4,0,0,0,0,1,0,0,0,0,0
spot_2137,수산한못,33,0.1,4.1,1,1,0,0,0,0,0,1,0,0
spot_2141,옷귀마테마타운 승마장,120,0,5,0.5,0,0,0,0,0,1,0,0,0
spot_2142,용머리해안 기후변화홍보관,60,1,5,0,1,0,0,0,0,0,0,0,0
spot_2144,무시로,180,0,5,0,0,0,0,1,0,0,0,0,0
spot_2146,카페라라라,60,0,5,4,0,0,0,0,0,0,0,0,1
spot_2149,여름문구사,30,0,4,3,0,0,0,1,0,0,0,0,0
spot_2151,무병장수테마파크,90,0,4,2,0,0,0,0,0,1,0,0,0
spot_2157,버블탱크,255,0,3.5,0,0,0,0,0,1,0,0,0,0
spot_2158,달다제주,180,0,5,1,0,0,0,0,0,0,0,0,1
spot_2160,메리아일랜드,30,0,4.5,0,0,0,0,1,0,1,0,0,0
spot_2168,성산해안도로,90,0,5,0,0,0,0,0,0,0,1,0,0
spot_2173,마라도기원정사,30,0,5,1,0,0,0,0,0,0,0,0,1
spot_2175,비블리아성서식물원,60,0,4,0,0,0,0,0,0,1,0,0,0
spot_2178,대정향교,30,0,2.8,0.333333333,0,1,0,0,0,0,0,0,0
spot_2179,그랜드하얏트제주 쇼핑센터,210,0,5,1,0,0,0,1,0,0,0,0,0
spot_2181,노블아로마애월,90,0,4,1,1,0,0,0,0,0,0,0,0
spot_2183,제주배럴서프스쿨,75,0.5,5,0,0,0,0,0,1,0,0,0,0
spot_2184,범서프,255,0,4,1.5,0,0,0,0,1,0,0,0,1
spot_2186,청춘당꽈배기 서귀점,0,0,4,5,0,0,0,1,0,0,0,0,0
spot_2188,동광해바른작은도서관,60,0,4,0,0,0,1,0,0,0,0,0,0
spot_2189,씽씽전기자전거,75,0,5,1,0,0,0,0,1,0,0,0,1
spot_2190,올레길 12코스(무릉-용수 올레),135,0,5,0.333333333,0,0,0,0,0,0,1,0,0
spot_2191,행기소,30,0,4,2,1,0,0,0,0,0,0,0,0
spot_2192,성산포수협 수산물유통센터,30,0,2,3,0,0,0,1,0,0,0,0,0
spot_2193,올레길 1-1코스(우도-올레),107.1428571,0.571428571,4.428571429,0.428571429,0,0,0,0,0,0,1,0,0
spot_2194,나이롱책방,30,0,3,1,0,0,0,1,0,0,0,0,0
spot_2199,사라오름,220,0,4,2,1,0,0,0,0,0,1,0,0
spot_2201,환태평양평화소공원,15,0,2.5,0,1,0,0,0,0,0,0,0,0
spot_2215,금산공원,90,0,5,2,1,0,0,0,0,0,0,0,0
spot_2221,사진예술공간 큰바다영,60,0,4,1,0,0,1,0,0,0,0,0,0
spot_2222,죽도,60,0,4,5,1,0,0,0,0,0,0,0,0
spot_2225,조은승마장,30,0,5,1,0,0,0,0,0,0,0,0,1
spot_2229,낙천의자공원,45,0,2.5,0.5,1,0,0,0,0,0,0,0,0
spot_2234,도구리알,30,0.125,4.5,1.125,1,1,0,0,0,0,0,0,0
spot_2235,다이소 서귀포동광점,30,0.5,4,0.5,0,0,0,1,0,0,0,0,0
spot_2240,모이소,42,0,4.6,0.6,0,0,0,1,0,0,0,0,0
spot_2242,솟솟리버스,36,0,3.4,0.25,0,0,0,1,0,0,0,0,0
spot_2247,성산 일출봉,30,1,4,1,1,0,0,0,0,0,0,0,0
spot_2248,칠성통,30,1,4,0,0,0,0,1,0,0,0,0,0
spot_2253,카페숨도,67.5,0,2.75,2.666666667,0,0,0,0,0,1,0,0,0
spot_2254,말로,84,0.2,4.2,1.333333333,0,0,0,0,0,0,0,0,1
spot_2256,헬로1204,30,0,5,1,0,0,0,1,0,0,0,0,0
spot_2259,사람휘트니스 연동점,90,0,3,1,0,0,0,0,1,0,0,0,0
spot_2262,대록산,60,0,4.5,1,1,0,0,0,0,0,1,0,0
spot_2276,에버리스골프리조트,300,0.333333333,4.333333333,5.666666667,0,0,0,0,1,0,0,0,1
spot_2281,용연교,30,1,4.5,0.5,1,0,0,0,0,0,0,0,0
spot_2291,GS25 제주조수점,30,0,4,3,0,0,0,1,0,0,0,0,0
spot_2298,예원이네귤농장,60,0,3.5,1.5,0,0,0,0,0,0,0,0,1
spot_2299,해안도로입구 금릉서쪽방면,30,0,5,0,0,1,0,0,0,0,0,0,0
spot_2303,송악산 전망대,110,0.333333333,5,2,1,0,0,0,0,0,0,0,0
spot_2308,달인해산물,30,0,4,1,0,0,0,1,0,0,0,0,0
spot_2310,랜디스도넛 제주애월점,60,0,5,1,0,0,0,1,0,0,0,0,0
spot_2311,더시에나컨트리클럽 제주,360,0,5,4,0,0,0,0,1,0,0,0,0
spot_2312,그랜드하얏트제주,260,0.333333333,4.666666667,2,0,0,0,1,1,0,0,0,0
spot_2314,미르담,90,0,5,1,0,0,0,0,0,0,0,0,1
spot_2315,해녀의부엌,135,0,4,4,0,0,1,0,0,0,0,0,0
spot_2317,서해랑 제부정류장,45,0.5,4,1,0,0,0,0,0,0,0,0,1
spot_2319,중문단지축구장,180,1,5,1,1,0,0,0,0,0,0,0,0
spot_2320,그랜드조선 제주,60,1,5,1,0,0,0,0,0,0,1,0,0
spot_2323,에코그린리조트,60,1,4.5,2.5,0,0,0,0,1,0,1,0,0
spot_2329,김녕금속공예벽화마을,60,0,4,0,0,0,0,0,0,0,1,0,0
spot_2334,메가MGC커피 제주롯데시티점,60,0,4,0,0,0,0,1,0,0,0,0,0
spot_2337,영실매표소,270,0,5,0,1,0,0,0,0,0,0,0,0
spot_772,궷물오름,60,0,4,2.25,1,0,0,0,0,0,1,0,0
spot_2344,올레길 2코스(광치기-온평 올레),60,0,4,3,0,0,0,0,0,0,1,0,0
spot_2357,우드스탁,60,0,5,1,0,0,0,0,0,0,0,0,1
spot_2359,한라산둘레길 수악길,45,0,3.5,0,0,0,0,0,0,0,1,0,0
spot_2361,알작지,50,0,3.666666667,0.5,1,0,0,0,0,0,0,0,0
spot_2362,서귀포자연휴양림 매표소,30,1,5,3,1,0,0,0,0,0,0,0,0
spot_2367,사려니숲,50,0.333333333,3.666666667,0.666666667,1,0,0,0,0,0,0,0,0
spot_2371,대정읍성,180,0,3,0,0,0,0,0,0,0,1,0,0
spot_2376,당산봉,60,0,4.8,0.5,1,0,0,0,0,0,0,0,0
spot_2378,제주901,174,0,4,1.5,0,0,0,0,1,0,0,0,1
spot_2379,철새 천연기념물 희귀새도래및철새서식지,50,0,4.666666667,0,1,0,0,0,0,0,0,0,0
spot_2380,월정모살길,30,0,3,0,1,0,0,0,0,0,0,0,0
spot_2386,중문오프로드체험장,40,0,3.666666667,4.5,0,0,0,0,0,0,0,0,1
spot_2388,쥬쥬쿠키,120,0,5,2,0,0,0,1,0,0,0,0,0
spot_2390,서울떡볶이,60,0,4,1,0,0,0,1,0,0,0,0,0
spot_2394,연화차,60,0.25,4.25,0,0,0,0,0,0,0,0,0,1
spot_2395,제주약수터 올레시장점,30,0.5,5,1,0,0,0,1,0,0,0,0,0
spot_2398,열대과일농장,120,0,5,4,1,0,0,0,0,0,0,0,0
spot_2400,사려니숲길 관광안내소,90,0.333333333,4,5.5,1,0,0,0,0,0,1,0,0
spot_2401,화순별곡,30,0,3,0,0,0,0,0,0,0,0,0,1
spot_2402,나홀로나무,7.5,0,3.75,1.666666667,1,0,0,0,0,0,0,0,0
spot_2405,엘리네잡화점,45,0.5,4,1,0,0,0,1,0,0,0,0,0
spot_2409,올리브영 제주중문점,30,0,3,0,0,0,0,1,0,0,0,0,0
spot_2414,선녀바위,37.5,0,4.75,1.5,1,0,0,0,0,0,0,0,0
spot_2415,서귀포 치유의 숲,60,0,5,0,1,0,0,0,0,0,0,0,0
spot_2416,오설록농장,45,0.5,4,1,1,0,0,0,0,0,0,0,1
spot_2419,왓츠유어플레이버,150,0,4,2,0,0,0,1,0,0,0,0,0
spot_2422,삼양검은모래해변입구교차로,30,0,4.333333333,1.5,1,0,0,0,0,0,0,0,0
spot_2433,월라봉,60,0,2,0,1,0,0,0,0,0,0,0,0
spot_2434,김녕해안도로,60,0.5,5,1.5,0,0,0,0,0,0,1,0,1
spot_2438,라온쥬,60,0,3,1,0,0,0,0,0,0,0,0,1
spot_2442,아베베베이커리,30,0.25,4,1,0,0,0,1,0,0,0,0,0
spot_2443,돌오름길 천아숲길 입출구,255,0,3,2,1,0,0,0,0,0,1,0,0
spot_2445,스파오 제주중앙로점,40,0.333333333,3.666666667,1,0,0,0,1,0,0,0,0,0
spot_2448,애월돌고래전망대,30,0.333333333,4,0.5,1,0,0,0,0,0,1,0,0
spot_2451,당신의캠프닉,90,0,5,4,0,0,0,0,0,0,0,0,1
spot_2452,레인보우제주 시장2호점,30,0,5,2,0,0,0,1,0,0,0,0,0
spot_2460,제주옹기박물관,30,0,3,0,0,1,0,0,0,0,0,0,0
spot_2463,애월국민체육센터,105,0,4.5,1,0,0,0,0,1,0,0,0,0
spot_2467,인생네컷 제주일도지구점,30,0,3,3,0,0,0,1,0,0,0,0,0
spot_2468,올레바당체험마을,75,0,3,1.5,0,0,0,0,0,0,0,0,1
spot_2469,달달미깡감귤밭,90,0,3.333333333,0.5,1,0,0,0,0,0,0,0,1
spot_2477,신양신산해안도로,30,0,5,1,0,0,0,0,0,0,1,0,0
spot_2480,바리메,60,0,5,1,1,0,0,0,0,0,0,0,0
spot_2485,아덴힐승마클럽,90,0,5,0,0,0,0,0,1,0,0,0,0
spot_2486,일과삶사이틈,90,0,3,0,0,0,0,1,0,0,0,0,0
spot_2487,오설록,75,0,4,3,0,0,0,1,0,1,0,0,0
spot_2489,제주신라호텔 헬스장,30,0,4,1,0,0,0,0,1,0,0,0,0
spot_2490,모던하우스 탑동점,0,1,3,1,0,0,0,1,0,0,0,0,0
spot_2491,뉴월드마트로 동홍점,30,0,4,2,0,0,0,1,0,0,0,0,0
spot_2492,누하스 세컨드하우스,60,0,5,3,0,0,1,0,0,0,0,0,0
spot_2493,블루오션 차귀도요트,165,0,5,1.5,0,0,0,0,1,0,0,0,0
spot_2497,어영마을,30,0,4,2.5,0,0,0,0,0,0,1,0,0
spot_2499,런던다락,30,0,5,0,0,0,0,1,0,0,0,0,0
spot_2502,동복관광체험어장,30,1,4,0,0,0,0,0,0,0,0,0,1
spot_2507,한라산컨트리클럽,300,1,5,0,0,0,0,0,1,0,0,0,0
spot_2509,올레길 13코스(용수-저지 올레),97.5,0.5,4,0,0,0,0,0,0,0,1,0,0
spot_2516,비체올린,84,0,3.4,3.25,0,0,0,0,1,0,0,0,1
spot_2519,법환동해녀물질체험장,60,1,4,1,0,0,0,0,0,0,0,0,1
spot_2520,포센트애월,105,0,3,0,0,0,0,0,0,0,0,0,1
spot_2524,석부작박물관,120,1,4,4,0,1,0,0,0,0,0,0,0
spot_2525,화순항,70,1,5,0.666666667,0,1,0,0,0,0,1,0,1
spot_2527,신라면세점 제주점,60,1,5,1,0,0,0,1,0,0,0,0,0
spot_2528,그건그렇고,60,0,5,0,0,0,1,0,0,0,0,0,0
spot_2532,도두봉산책로 입구,30,0,3,1,0,0,0,0,0,0,1,0,0
spot_2542,에브리바디빈티지 본점,30,0,4,3,0,0,0,1,0,0,0,0,0
spot_2548,행원환해장성,60,0.5,5,0,0,1,0,0,0,0,0,0,0
spot_2550,정방사,30,0,5,0,0,1,0,0,0,0,0,0,0
spot_2553,할머니떡집,0,0,4,0,0,0,0,1,0,0,0,0,0
spot_2558,선녀상회,30,0,4,1,0,0,0,1,0,0,0,0,0
spot_2561,두발로하이킹,30,0,5,1,0,0,0,0,1,0,0,0,0
spot_2562,산방연대,30,0,4,0,1,1,0,0,0,0,0,0,0
spot_2565,곶자왈,82.5,0,4,0,1,0,0,0,0,0,0,0,0
spot_2566,북수구광장,210,0,5,3,0,0,0,0,0,0,0,1,0
spot_2567,김정문알로에 알로에숲,40,0,3.666666667,2,0,0,1,0,0,0,1,0,1
spot_2572,드라마[맨도롱또똣] 촬영지,0,0,3,0,0,1,0,0,0,0,0,0,0
spot_2578,롯데호텔 제주,120,0,5,1,0,0,0,0,0,0,0,0,1
spot_2579,카페밭디,30,0,4,1,0,0,0,0,0,0,0,0,1
spot_2580,다운타우너 제주애월,30,0,5,1,0,0,0,1,0,0,0,0,0
spot_2581,인피니티리조트,120,0,4,0,0,0,0,0,1,0,0,0,0
spot_2584,상춘재,60,1,5,1,1,0,0,0,0,0,0,0,0
spot_2585,한라산 어리목탐방지원센터,30,0,4,1,1,0,0,0,0,0,0,0,0
spot_2593,엄장해암길,30,0,4,2,1,0,0,0,0,0,0,0,0
spot_2594,모구리오름,30,0,4,0,0,0,0,0,0,0,1,0,0
spot_2595,도리빨 대포연대,120,0,5,3,1,0,0,0,0,0,0,0,0
spot_2599,화순금모래해수욕장 수영장,30,0,5,0,0,0,0,0,0,1,0,0,0
spot_2604,김만덕기념관,30,0,5,0,0,0,1,0,0,0,0,0,0
spot_2605,월정에비뉴,60,0,5,1,0,0,0,0,0,0,1,0,0
spot_2607,귤림서원,30,0,4,0,0,1,0,0,0,0,0,0,0
spot_2613,동수악,30,0,3,1,1,0,0,0,0,0,0,0,0
spot_2614,서귀포제트보트,60,0,4,0,0,0,0,0,1,0,0,0,1
spot_2615,후포해변,0,0,4,1,1,0,0,0,0,0,0,0,0
spot_2623,오렌다핏,210,0,5,0,0,0,0,0,1,0,0,0,0
spot_2624,새별오름 나홀로나무,30,0,4,1,1,0,0,0,0,0,0,0,0
spot_2626,루이네미장원,90,0,5,3,0,0,0,1,0,0,0,0,0
spot_2632,소공녀글라스,210,0,3,1,0,0,0,0,0,0,0,0,1
spot_2636,우도고고씽,15,0,4,0,0,0,0,0,1,0,0,0,0
spot_2639,윈드밀108 실내수영장,90,0,5,1,0,0,0,0,0,1,0,0,0
spot_2646,몰래물,60,0,4,0,1,0,0,0,0,0,0,0,0
spot_2651,보물섬,75,0.5,2.5,2.5,1,0,0,0,0,0,0,0,1
spot_2655,칠십리음식특화거리,60,0,5,2,0,0,0,1,0,0,0,0,0
spot_2656,잃어버린마을곤을동,60,0,5,0,0,1,0,0,0,0,0,0,0
spot_2661,휘닉스제주섭지코지 올레길미로,30,0,5,2,0,0,0,0,0,0,1,0,0
spot_2663,포토이즘스튜디오 제주점,60,0,5,2,0,0,0,0,0,0,0,0,1
spot_2667,삐꼴라상점,60,0,5,1,0,0,0,1,0,0,0,0,0
spot_2671,진지동굴,60,0,4,1,1,0,0,0,0,0,0,0,0
spot_2672,낙천아홉굿마을,60,0,5,0,0,0,0,0,0,0,1,0,0
spot_2673,종달사거리,60,0,4,1,0,0,0,1,0,0,0,0,0
spot_2678,검멀레동굴,60,0,5,1,1,0,0,0,0,0,0,0,0
spot_2679,고양이선장카페,30,0,5,4.5,0,0,0,0,1,0,0,0,1
spot_2682,제주4.3 성산읍 희생자 추모공원,30,0,4,0,1,0,0,0,0,0,0,0,0
spot_2683,해양소공원,30,0,5,0,0,0,0,0,0,0,1,0,0
spot_2684,보미다,30,0,3,5,0,0,0,1,0,0,0,0,0
spot_2686,새섬,50,0.333333333,3.833333333,0.666666667,1,0,0,0,0,0,0,0,0
spot_2690,조랑말박물관,30,0,5,1,0,1,0,0,0,0,0,0,0
spot_2691,자연사랑미술관,30,0,2.5,1.5,0,0,1,0,0,0,0,0,0
spot_2692,원조마라도짜장면집,30,0,4,1,1,0,0,0,0,0,0,0,0
spot_2698,노리터서핑,210,0,5,0.5,0,0,0,0,1,0,0,0,1
spot_2701,홀라인 제주평대점,30,1,4.666666667,0,0,0,0,1,0,0,0,0,0
spot_2707,도렐 제주본점,30,0,4,2,0,0,0,1,0,0,0,0,0
spot_2709,올레파머스 월정점,30,0,3,0,0,0,0,1,0,0,0,0,0
spot_2710,비양도항,30,0,4,0,1,0,0,0,0,0,0,0,0
spot_2713,김녕항,40,0.666666667,3.666666667,1.5,1,0,0,0,0,0,0,0,0
spot_2717,바농오름,30,0,4,0.5,1,0,0,0,0,0,0,0,0
spot_2718,돼갈통,120,1,5,1,0,0,0,1,0,0,0,0,0
spot_1788,선인장자생지,50,0,3.333333333,3.666666667,1,1,0,0,0,0,1,0,0
spot_2729,엉알해안,15,0,3.5,0.5,1,1,0,0,0,0,0,0,0
spot_2730,해비치호텔앤드리조트 제주 수영장,90,0,4.5,2,0,0,0,0,0,1,0,0,0
spot_2732,레인보우제주,30,1,5,0,0,0,0,1,0,0,0,0,0
spot_2734,바굼지오름,75,0,3.5,0.5,1,0,0,0,0,0,1,0,0
spot_2735,제주대벚꽃길,0,1,4,1,0,0,0,0,0,0,1,0,0
spot_2737,시골길,60,0,4,1,0,0,0,0,0,0,1,0,0
spot_2741,걸쇠오름,60,0.5,3.5,1,1,0,0,0,0,0,0,0,0
spot_2743,낭끼오름,75,0.5,4.5,1,1,0,0,0,0,0,0,0,0
spot_2746,제주미래교육연구원 과학탐구체험관,90,0.5,4.5,4,0,0,0,0,0,0,0,0,1
spot_2748,하가리연꽃마을,30,0,2,3,0,0,0,0,0,0,1,0,0
spot_2753,바운스슈퍼파크 제주센터,120,0,5,3,0,0,0,0,1,1,0,0,0
spot_2755,장수물,30,0,5,1,0,1,0,0,0,0,0,0,0
spot_2759,섬투어레져,150,0,3,1,0,0,0,0,1,0,0,0,0
spot_2762,제주본참숯불갈비,60,0,5,1,0,0,0,1,0,0,0,0,0
spot_2764,쇠소깍크루즈,30,0,4,2,0,0,0,0,1,0,0,0,0
spot_2767,뚜띠콜로리,120,0,3,7,0,0,0,0,0,0,0,0,1
spot_2770,큰엉 입구,60,0,5,2,1,0,0,0,0,0,0,0,0
spot_2779,잇지제주,30,0,2,0,0,0,0,0,0,0,0,1,0
spot_2785,제주시티투어버스,60,0,5,2,0,0,0,0,0,0,0,0,1
spot_2788,화개산전망대,60,0,3,1,1,0,0,0,0,0,0,0,0
spot_2792,올리브영 제주함덕점,30,0,4,0,0,0,0,1,0,0,0,0,0
spot_2795,붉은오름,97.5,0,4.5,2.5,1,0,0,0,0,0,0,0,0
spot_2796,무릉외갓집,30,0,3.5,0.5,0,0,0,0,0,0,0,1,1
spot_2797,라바북스,45,0,3,2.5,0,0,1,1,0,0,0,0,0
spot_2802,동백포레스트,60,0,4,5,1,0,0,0,0,0,0,0,0
spot_2803,올레스테이,30,0,4,1,1,0,0,0,0,0,0,0,0
spot_2805,세화소품관,30,0,3.5,1.333333333,0,0,0,1,0,0,0,0,0
spot_2807,구좌약국,0,0,4,3,0,0,0,1,0,0,0,0,0
spot_2816,제주목공방,105,0.5,5,0,0,0,0,0,0,0,0,0,1
spot_2818,고살리숲길,80,0,3.666666667,1,1,0,0,0,0,0,1,0,0
spot_2824,얼라이브카트,52.5,0,4.5,2,0,0,0,0,1,0,0,0,0
spot_2828,올망,30,0.5,5,1,0,0,0,1,0,0,0,0,0
spot_2829,신흥바다낚시공원,45,0,4,1,1,0,0,0,0,0,0,0,0
spot_2838,오조리레저파크,60,0,3,2,0,0,0,0,1,0,0,0,1
spot_2839,화리,60,0,5,1,0,0,0,0,1,0,0,0,0
spot_2846,부영농장,120,0,3.5,0.5,0,0,0,0,0,0,0,0,1
spot_2848,에이바우트커피 함덕해수욕장점,60,0,5,0,0,0,0,1,0,0,0,0,0
spot_2849,올레길 14-1코스(저지-서광 올레),30,0,5,0,0,0,0,0,0,0,1,0,0
spot_2858,대명홈마트,30,0,4,1,0,0,0,1,0,0,0,0,0
spot_859,단산,60,0,4.5,0,1,0,0,0,0,0,1,0,0
spot_2868,아랑조을거리,50,0.333333333,4,1.5,0,0,0,1,0,0,0,0,0
spot_2869,추억의숲길,30,0,3,1.5,0,0,0,0,0,0,1,0,0
spot_2872,블루제주솝,30,1,4,1,0,0,0,0,0,0,0,0,1
spot_2873,호빗의집,30,0,3.5,2,1,0,0,0,0,0,0,0,0
spot_2875,밤수지맨드라미,30,0.333333333,4.666666667,3,0,0,1,0,0,0,0,0,0
spot_2880,캐릭파크,180,0,5,3,0,0,0,0,0,1,0,0,0
spot_2884,제주생활체육공원 테니스장,180,1,5,0,0,0,0,0,1,0,0,0,0
spot_2890,인생네컷 제주제이원카트클럽점,60,0,4,9,0,0,0,0,1,0,0,0,0
spot_2891,생활맥주 제주연동점,120,0,5,1,0,0,0,1,0,0,0,0,0
spot_2896,사진말전문갤러리 마음빛그리미,60,0,4,0,0,0,1,0,0,0,0,0,0
spot_2898,현대렌트,10,0,3.666666667,1,0,0,0,0,1,0,0,0,0
spot_2900,국수문화거리,45,0.5,3.5,0,0,0,0,1,0,0,0,0,0
spot_2901,바구스서핑스쿨 이호점,135,0,3.5,0.5,0,0,0,0,1,0,0,0,0
spot_2903,한라산기도원,30,0,2,3,0,0,0,0,0,0,0,0,1
spot_2908,올리브영 제주연동점,30,0,5,1,0,0,0,1,0,0,0,0,0
spot_2912,북촌환해장성 (창꼼),30,0,5,1,1,0,0,0,0,0,0,0,0
spot_2913,제주 성산 오조리 갯벌체험,60,0,4,3,0,0,0,0,0,0,0,0,1
spot_2914,제주소품관,30,0,3,1,0,0,0,1,0,0,0,0,0
spot_2915,삼양해수사우나,240,0,5,0,0,0,0,0,1,0,0,0,0
spot_2920,하우투플레이,60,0,4,2,0,0,0,0,0,0,1,0,0
spot_2921,별도봉,60,0,5,0,1,0,0,0,0,0,0,0,0
spot_2923,용연계곡(구름다리),60,0,4,1,1,0,0,0,0,0,0,0,0
spot_2925,마틸다,90,0,5,0,0,0,0,1,0,0,0,0,0
spot_2926,포토이즘박스 함덕해수욕장점,30,0,4,0,0,0,0,1,0,0,0,0,0
spot_2927,제주 쇠소깍 제트보트,60,0,5,1,0,0,0,0,1,0,0,0,0
spot_2928,삼다공원,30,0,3.5,1,1,0,0,0,0,0,0,0,0
spot_2933,수풀,30,0,4,0,0,0,0,1,0,0,0,0,0
spot_2934,고산출장소,60,0,5,1,0,0,0,0,0,0,1,0,0
spot_2940,제주4.3평화공원 제주4.3평화기념관,67.5,0,4.25,0.333333333,0,1,1,0,0,0,0,0,0
spot_2942,만나다공원,60,0,5,1,1,0,0,0,0,0,0,0,0
spot_2943,감귤농원,60,0,5,3,0,0,0,0,0,0,0,0,1
spot_2944,김녕요트투어,110,0.333333333,4.666666667,4,0,0,0,0,1,0,0,0,1
spot_2945,어나더 우드 스토어,150,0,5,0,0,0,0,0,0,0,0,0,1
spot_2946,화순방파제,90,0,5,0,1,0,0,0,0,0,0,0,0
spot_2948,원노형로 일대,30,0,3,0,0,0,0,0,0,0,1,0,0
spot_2949,술술바,60,0,5,1,0,0,0,1,0,0,0,0,0
spot_2951,선덕사,60,0,5,0,0,1,0,0,0,0,0,0,0
spot_2955,모비딕 다이브센터,300,0,5,0,0,0,0,0,1,0,0,0,0
spot_2959,오쉐어,30,0,5,0,0,0,0,1,0,0,0,0,0
spot_2961,리치망고 하도점,30,0,5,1,0,0,0,0,0,0,1,0,0
spot_2962,갈보리교회,60,0,4,2,0,1,0,0,0,0,0,0,0
spot_2965,방사탑,0,0,5,1,0,0,0,0,0,0,1,0,0
spot_2970,취다선리조트,105,0,5,0,0,0,0,0,1,0,0,0,1
spot_2975,더좋은안경원,30,1,5,1,0,0,0,1,0,0,0,0,0
spot_2979,제주환상전기자전거,75,0,4,1,0,0,0,0,0,0,0,0,1
spot_2980,제동목장,30,0,3,1,0,0,0,0,0,0,1,0,0
spot_2983,오조항,120,0,4,1,0,0,0,0,1,0,0,0,0
spot_2984,서프로와,210,0,5,1,0,0,0,0,1,0,0,0,0
spot_2986,눈물의십자가,30,0,5,1,0,1,0,0,0,0,0,0,0
spot_3000,캠파제주 산책로,30,1,5,1,0,0,0,0,0,0,1,0,0
spot_3001,이호테우해수욕장 종합상황실,60,0,5,1,1,0,0,0,0,0,0,0,0
spot_3003,한림공원 쌍용굴,30,0,3,1,1,0,0,0,0,0,0,0,0
spot_3005,낮잠나무,60,0,5,0,0,0,0,1,0,0,0,0,0
spot_3007,용둠벙전망대,30,0,4.5,1,1,0,0,0,0,0,1,0,0
spot_3008,우뭇개해안,30,0,5,2,1,0,0,0,0,0,0,0,0
spot_3010,답다니탑망대,0,0,3,3,1,1,0,0,0,0,0,0,0
spot_3019,석부작박물관 마음의정원,60,0,5,4,0,1,0,0,0,0,0,0,0
spot_3020,다이소 제주시청점,30,0,5,1,0,0,0,1,0,0,0,0,0
spot_3028,자배봉,60,0,5,1,1,0,0,0,0,0,0,0,0
spot_3031,메종글래드제주 더파티오풀,45,1,5,1,0,0,0,0,0,1,0,0,0
spot_3032,별이내리는숲어린이도서관,120,0,5,3,0,0,0,0,0,0,0,0,1
spot_3033,모슬포교회,60,0,3,1,0,1,0,0,0,0,0,0,0
spot_3034,인디고트리,60,0,3,4,0,0,0,1,0,0,0,0,0
spot_3038,제주동문재래시장 8-1입구,30,0,3,1,0,0,0,1,0,0,0,0,0
spot_2164,제주사랑체험농장,45,0,4,1,0,0,0,0,0,0,0,0,1
spot_3043,아코제주,30,0,4,0,0,0,0,1,0,0,0,0,0
spot_3050,섬반지,30,0,5,0,0,0,0,1,0,0,0,0,0
spot_3051,이음새,180,0,5,0,0,0,0,0,0,0,0,0,1
spot_3055,선인장서프,180,0,5,1,0,0,0,0,0,0,0,0,1
spot_3056,레전드야구존 제주연동2호점,120,0,5,4,0,0,0,0,1,0,0,0,0
spot_3059,탐라교육원,30,0,5,4,1,0,0,0,0,0,0,0,0
spot_3062,제주삼다수 및 돌문화공원,30,0,5,0,1,0,0,0,0,0,0,0,0
spot_2161,봄날,75,0,4.5,1.5,0,1,0,0,0,0,0,0,0
spot_3068,지금사계,90,0,5,1,0,0,0,0,0,0,0,0,1
spot_3069,성수개,60,0,5,1,1,0,0,0,0,0,0,0,0
spot_3073,성산K마트,30,0,5,0,0,0,0,1,0,0,0,0,0
spot_3077,용두암해변,180,0,2,2,1,0,0,0,0,0,0,0,0
spot_3080,함덕해수욕장 잔디광장,60,1,4,7,1,0,0,0,0,0,0,0,0
spot_3082,아난드요가원,195,1,5,1,0,0,0,0,1,0,0,0,1
spot_3092,제주로컬푸드 연동점,30,0,5,3,0,0,0,1,0,0,0,0,0
spot_3093,성산월드식자재마트,0,0,5,1,0,0,0,1,0,0,0,0,0
spot_3098,제주하늘을날다,60,0,4,0.5,0,0,0,0,1,0,0,0,0
spot_3099,금빛감귤체험농원,90,0,5,1,0,0,0,0,0,0,0,0,1
spot_3100,거북이한과,30,1,5,0,0,0,0,1,0,0,0,0,0
spot_3108,제주소나이,30,0,5,0,0,0,0,1,0,0,0,0,0
spot_3111,산양큰엉곶체험,60,0,5,2,0,0,0,0,0,0,0,0,1
spot_3113,산방산용머리지오트레일,60,1,5,2,0,0,0,0,0,0,0,0,1
spot_3116,이호테우 해수욕장,30,0,5,1,1,0,0,0,0,0,0,0,0
spot_3117,세화항,30,1,3,6,0,0,0,0,0,0,1,0,0
spot_3120,함덕 서우봉,60,0,4,1,1,0,0,0,0,0,0,0,0
spot_3122,산양곶자왈,75,0.5,4.5,4,1,0,0,0,0,0,1,0,0
spot_3124,감귤소녀체험장,60,0,4,3,0,0,0,0,0,0,0,0,1
spot_3130,농업회사법인 유진팡,90,0,4,1.5,1,0,0,0,0,0,0,0,1
spot_3139,가디언다이브리조트,30,0,4,1,0,0,0,0,1,0,0,0,0
spot_3140,귤꽃카페,60,1,5,0,0,0,0,0,0,0,0,0,1
spot_3141,JD스포츠 제주칠성점,60,1,4,4,0,0,0,1,0,0,0,0,0
spot_3145,벨뤼에,60,0,5,0,0,0,0,0,0,0,1,0,0
spot_3146,제주칠성로상점가,120,0,3,1,0,0,0,1,0,0,0,0,0
spot_3149,고근산,60,0,4.75,0,1,0,0,0,0,0,1,0,0
spot_3151,제주올레길3코스,150,1,5,0,0,0,0,0,0,0,1,0,0
spot_3167,성산스쿠버리조트,180,0,5,0,0,0,0,0,1,0,0,0,1
spot_3168,효명사,40,0,3.333333333,3.5,0,1,0,0,0,0,0,0,0
spot_3169,구씨네사진관,90,1,5,3,0,0,0,1,0,0,0,0,0
spot_3172,제주빈티지샵 턴업,30,0,4,0,0,0,0,1,0,0,0,0,0
spot_3175,책방무사,60,0,5,2,0,0,1,0,0,0,0,0,0
spot_3177,뽀요요펜션카페,30,0,2,2,0,0,0,0,0,0,0,0,1
spot_3181,산세미오름,45,0,2.5,0.5,0,0,0,0,0,0,1,0,0
spot_3185,더 리틀 코너 The little corner,30,0,3,1,0,0,0,1,0,0,0,0,0
spot_3200,농협은행제주수련원 해오름,60,0,5,3,0,0,0,0,0,0,0,0,1
spot_3202,제주감성소품,30,0,3,0,0,0,0,1,0,0,0,0,0
spot_3205,탑볼링장,60,0,5,0,0,0,0,0,1,0,0,0,0
spot_3206,아리온승마장,30,0,4,3,0,0,0,0,1,0,0,0,0
spot_3209,새별오름관광타운,75,0,4.5,0,1,0,0,0,0,0,0,0,0
spot_3211,천주교용수성지,60,0,5,1,0,1,0,0,0,0,0,0,0
spot_3215,모던돔베,30,0,5,1,0,0,0,0,0,0,0,0,1
spot_3216,ABC마트 ST서귀포중앙점,30,0,4,2,0,0,0,1,0,0,0,0,0
spot_3219,성김대건신부 제주표착기념관,30,0,3.5,0,0,1,0,0,0,0,0,0,0
spot_3221,문치비 아랑조을거리점,60,0,3,3,0,0,0,1,0,0,0,0,0
spot_3225,장안사,30,0,3,0,0,1,0,0,0,0,0,0,0
spot_3227,한라산 진달래밭대피소,30,0,4.5,1,1,0,0,0,0,0,1,0,0
spot_3231,아라리오뮤지엄 동문모텔1,90,0,4,0,0,0,1,0,0,0,0,0,0
spot_3233,감귤박물관 감귤체험학습장,60,0,5,3,0,0,0,0,0,0,0,0,1
spot_3234,시타북빠,30,0,5,0,0,0,1,0,0,0,0,0,0
spot_3238,바다타이테라피,120,1,5,1,0,0,0,0,0,0,0,0,1
spot_3239,대해수산,60,0,4,3,0,0,0,0,0,0,0,0,1
spot_3242,색달생수천 생태문화공원,60,0,4.5,1.5,1,0,0,0,0,0,0,0,0
spot_3243,다락쉼터,15,0,5,0.5,1,0,0,0,0,0,1,0,0
spot_3248,제주동행아이맥스 제주점,60,0,5,1,0,0,0,0,0,0,0,0,1
spot_3251,모들카페앤펍,60,0,5,4,0,0,0,0,0,0,0,0,1
spot_3254,코스모스꽃밭,30,0,4,5,0,0,0,0,0,0,1,0,0
spot_3255,서귀포 수산물유통센터,30,0,5,2,0,0,0,1,0,0,0,0,0
spot_3262,금호제주리조트,30,0,4,4,0,0,0,0,0,0,1,0,0
spot_3263,애월체육관,30,0,3,1,0,0,0,0,1,0,0,0,0
spot_3265,ICC제주갤러리,30,1,4,0,0,0,1,0,0,0,0,0,0
spot_3267,위호텔 야외수영장,180,0,5,3,0,0,0,0,0,1,0,0,0
spot_3268,영락해안도로,60,0,5,1,1,0,0,0,0,0,0,0,0
spot_3269,존자암지,60,1,5,2,0,1,0,0,0,0,0,0,0
spot_3272,요가베르데,60,0,4,1,0,0,0,0,0,0,0,0,1
spot_3280,에브리바디빈티지 서귀포점,60,0,5,3,0,0,0,1,0,0,0,0,0
spot_3281,테라도스,30,1,5,1,0,0,0,0,0,0,0,0,1
spot_3287,새로나분식,30,0,4,3,0,0,0,1,0,0,0,0,0
spot_3288,어영소공원 화장실,15,0,4.5,0.5,1,0,0,0,0,0,0,0,0
spot_3290,성산일출봉(일출),90,1,5,1,1,0,0,0,0,0,0,0,0
spot_3292,거문오름 탐방안내소,210,0,5,2,1,0,0,0,0,0,0,0,0
spot_3293,귀덕해안도로,75,0.5,4.5,0,0,0,0,0,0,0,1,0,0
spot_3294,우도한바퀴,15,0,4.5,3.5,1,0,0,0,1,0,0,0,0
spot_3295,삼화수산,30,0,5,7,0,0,0,1,0,0,0,0,0
spot_3296,비오토피아 수풍석박물관,60,0,5,3,0,1,0,0,0,0,0,0,0
spot_3297,애월아안녕,30,0,5,2,0,0,0,1,0,0,0,0,0
spot_3303,족발愛살다(新목포식육점),30,0,5,2,0,0,0,1,0,0,0,0,0
spot_3304,모슬봉숲길,60,0,3,0,1,0,0,0,0,0,0,0,0
spot_3306,해비치호텔앤리조트 실외수영장,30,1,5,5,0,0,0,0,0,1,0,0,0
spot_3312,지미스우도 보트관광,30,0,5,0,0,0,0,0,1,0,0,0,0
spot_3315,동검은이오름,60,0,5,1,0,0,0,0,0,0,1,0,0
spot_3316,"하효항, 쇠소깍",180,0,4,1,0,0,0,0,0,0,0,0,1
spot_3317,보목해안도로,30,0,5,1,0,0,0,0,0,0,1,0,0
spot_3325,천아오름,60,0,5,1,1,0,0,0,0,0,0,0,0
spot_3330,높은오름,90,0,5,0,1,0,0,0,0,0,0,0,0
spot_3332,가파도AIR 레지던스,60,1,4,1,0,0,1,0,0,0,0,0,0
spot_3334,정모시쉼터,40,0.333333333,4.333333333,0,1,0,0,0,0,0,1,0,0
spot_3346,달인수산,60,1,3,3,0,0,0,1,0,0,0,0,0
spot_3347,군산오름,60,0,3,0,1,0,0,0,0,0,0,0,0
spot_3350,신흥리방사탑2호,30,0,4,0,1,0,0,0,0,0,0,0,0
spot_3351,소풍렌터카 매점,30,0,3,3,0,0,0,1,0,0,0,0,0
spot_3357,돌멩이감성소품,30,0,3,0,0,0,0,1,0,0,0,0,0
spot_3360,소앵동,30,0,3,1,0,0,0,0,0,0,1,0,0
spot_3362,노리매 매화공원,120,0,5,0,1,0,0,0,0,0,0,0,0
spot_3366,제주와인아울렛 신화월드점,150,1,4,2,0,0,0,1,0,0,0,0,0
spot_3376,서부두방파제,60,0,5,0,1,0,0,0,0,0,0,0,0
spot_3377,샵제주,30,0,5,1,0,0,0,1,0,0,0,0,0
spot_3381,귀덕1리항,30,0,5,3,1,0,0,0,0,0,0,0,0
spot_3387,서건도,90,0,4.5,3,1,0,0,0,0,0,0,0,0
spot_3390,핸드아트제주,150,0,1,2,0,0,0,0,0,0,0,0,1
spot_3391,카페 동백,300,0,4,0,0,0,1,0,0,0,0,0,0
spot_3396,제주센트럴파크,90,0.333333333,3.666666667,3,0,0,0,0,1,1,0,0,0
spot_3397,제주중문관광단지 노을지는시간대 이쁜사진 핫플,60,1,5,3,0,0,0,0,0,0,1,0,0
spot_3399,카페아이니,30,0,5,2.5,0,0,0,0,0,0,0,0,1
spot_3401,솜반천,0,0,4,1,0,0,0,0,0,0,1,0,0
spot_3402,메리어트관 제주신화월드호텔앤리조트,60,0,3,0,0,0,0,0,0,1,0,0,0
spot_3410,제주함덕하이킹,0,0,5,0,0,0,0,0,1,0,0,0,0
spot_3411,검멀레해변 당나귀체험,30,0,4,0,0,0,0,0,0,0,0,0,1
spot_3423,오조빈티지,30,0,5,2,0,0,0,1,0,0,0,0,0
spot_3424,아이존액트,60,0,5,3,0,0,0,0,0,0,0,0,1
spot_3436,성산포항우도도항선매표소,30,0,3,0,0,0,0,0,1,0,0,0,0
spot_3437,다이소 제주하귀점,15,0,3.5,0.5,0,0,0,1,0,0,0,0,0
spot_3440,서프포인트 제주,150,1,5,1,0,0,0,0,0,0,0,0,1
spot_3442,제주대학교 아라캠퍼스,105,0.5,4.5,0.5,1,1,0,0,0,0,0,0,0
spot_3443,나바론절벽,60,0,4.5,1,1,0,0,0,0,0,1,0,0
spot_3444,선물가게바나나,45,0,3.5,3,0,0,0,1,0,0,0,0,0
spot_3451,간세라운지,30,0,5,0,0,0,0,0,0,0,1,0,0
spot_3453,월정리카페거리,75,0,4.5,0.5,0,0,0,1,0,0,0,0,0
spot_3455,제주돌문화공원 돌박물관야외무대,60,0,5,1,0,1,0,0,0,0,0,0,0
spot_3456,제주스쿠버스쿨,240,0,5,1,0,0,0,0,1,0,0,0,0
spot_3457,드림오션요트투어,30,0,3,0,0,0,0,0,0,0,0,0,1
spot_3461,더제이락볼링클럽,90,0,3,4,0,0,0,0,1,0,0,0,0
spot_3462,노래야노래야노래방,90,0,4,3,0,0,0,1,0,0,0,0,0
spot_3465,산지천 전망대,30,0,3,0,0,0,0,0,0,0,1,0,0
spot_3466,솔오름전망대,60,0,4.333333333,1.333333333,1,0,0,0,0,0,1,0,0
spot_3467,곶자왈생태체험관,30,0,4,1,0,0,0,0,0,0,0,0,1
spot_3468,동굴레저보트(검멀례해변),30,0,5,1,0,0,0,0,0,0,0,0,1
spot_3469,성산마을제단,30,0,5,0,0,1,0,0,0,0,0,0,0
spot_3474,한동리 해안가 해변,60,0,4,0,0,0,0,0,1,0,0,0,0
spot_3479,제주신화월드 서머셋클럽하우스,60,0,3,3,0,0,0,0,1,0,0,0,0
spot_3480,트멍공방,30,0,5,1,0,0,0,1,0,0,0,0,0
spot_3482,언더더씨,180,0,3,1,0,0,0,0,1,0,0,0,0
spot_3491,아날로그감귤밭,45,0,5,2,0,0,0,0,0,0,0,0,1
spot_3494,베리제주,20,0.333333333,4.666666667,0.5,0,0,0,1,0,0,0,0,0
spot_3495,거친오름,30,0,4,1,1,0,0,0,0,0,0,0,0
spot_3497,추사적거지기념관,30,0,5,0,0,1,0,0,0,0,0,0,0
spot_3500,서준공방,30,0,3,2,0,0,0,1,0,0,0,0,0
spot_3504,선임교,30,0,5,0,0,1,0,0,0,0,0,0,0
spot_3505,북스토어 아베끄,30,0,4,1,0,0,0,1,0,0,0,0,0
spot_2473,용담공원,45,0,3,0,1,0,0,0,0,0,0,0,0
spot_3519,장동민의크라우드pc방,150,0,5,1,0,0,1,0,0,0,0,0,0
spot_3525,행원연대봉,30,0,5,1,0,0,0,0,0,0,1,0,0
spot_3529,쁘라갸요가원,120,0,5,0,0,0,0,0,1,0,0,0,0
spot_3530,스팅그레이,60,1,5,1,0,0,0,0,0,0,0,0,1
spot_3542,포토이즘박스 서귀포올레시장점,30,0.5,5,1,0,0,0,1,0,0,0,0,0
spot_3544,서귀포수협유통사업소,30,0,5,2,0,0,0,1,0,0,0,0,0
spot_3546,수목원야시장,60,0,4,3,0,0,0,1,0,0,0,0,0
spot_3558,아라고나이트 고온천,120,0,5,1,0,0,0,0,0,1,0,0,0
spot_3561,옥스코인노래연습장 제주연동점,30,0,5,1,0,0,1,0,0,0,0,0,0
spot_3564,서프론트,240,0,4,1,0,0,0,0,0,0,0,0,1
spot_3566,다정이네 올레시장본점,30,0,4,1,0,0,0,1,0,0,0,0,0
spot_3567,스트라이크존 신제주구장,30,0,3,2,0,0,0,0,1,0,0,0,0
spot_3574,신라호텔 수영장,165,0.5,5,1,0,0,0,0,0,1,0,0,0
spot_3575,하우목동,15,0,5,3,1,0,0,0,0,0,0,0,0
spot_3579,한라산둘레길 돌오름길 입구,30,0,4,0,1,0,0,0,0,0,0,0,0
spot_3580,우진제비오름,60,0,5,0,0,0,0,0,0,0,1,0,0
spot_3585,야자수영농조합법인,60,0,2,3,0,0,0,0,0,0,0,0,1
spot_3591,편백숲마을,30,0,3,17,0,0,0,0,0,0,1,0,0
spot_3598,쇠와꽃승마장,30,0,5,3,0,0,0,0,0,0,0,0,1
spot_3599,우뭇개동산,30,0,4,1,0,1,0,0,0,0,0,0,0
spot_3607,버거요 제주본점,90,0,5,1,0,0,0,0,0,0,0,0,1
spot_3608,알뜨르비행장 격납고,30,0,5,0,0,1,0,0,0,0,0,0,0
spot_3612,귤밭에댕댕이 체험농장&공방,120,0,5,1,0,0,0,0,0,0,0,0,1
spot_3623,"용연구름다리, 용두암",30,0,5,0,1,0,0,0,0,0,0,0,0
spot_3625,사려니곶자왈,90,0,5,2,1,0,0,0,0,0,0,0,0
spot_3630,나인브릿지CC,210,0,5,1,0,0,0,0,1,0,0,0,0
spot_3633,블루베이,60,0,5,1,0,0,0,1,0,0,0,0,0
spot_3640,노리터서핑스쿨,180,0,4,0,0,0,0,0,1,0,0,0,0
spot_3641,데미안,60,0,4,0,0,0,1,0,0,0,0,0,0
spot_3644,용담삼동 2159,30,0,4,3,0,0,0,0,0,0,1,0,0
spot_3646,봉골레산 정상,0,0,4,1,0,0,0,0,0,0,1,0,0
spot_3647,송당해장국,30,0,5,2,0,0,0,1,0,0,0,0,0
spot_3649,차귀도체험배낚시횟집,150,0,3,3,0,0,0,0,0,0,0,0,1
spot_3651,한라산 어승생악정상분기점,30,0,5,0,1,0,0,0,0,0,0,0,0
spot_3653,다이소 제주노형점,30,1,4,2,0,0,0,1,0,0,0,0,0
spot_3345,연북정,20,0,3.333333333,0.333333333,0,1,0,0,0,0,0,0,0
spot_3656,탐나는농장,60,0,5,3,0,0,0,0,0,0,0,0,1
spot_3664,갖장이의작업실,120,0,5,1,0,0,0,0,0,0,0,0,1
spot_3669,한라산 돈내코탐방안내소분기점,270,0,5,0,1,0,0,0,0,0,0,0,0
spot_2723,들판,40,0,4.666666667,0.5,1,0,0,0,0,0,1,0,0
spot_3684,"수목원테마파크, 수목원 야시장",150,0,4,1,0,0,0,0,0,1,0,0,0
spot_3685,우리회수산,30,1,5,0,0,0,0,1,0,0,0,0,0
spot_3687,한라하이킹,30,0,5,1,0,0,0,0,1,0,0,0,0
spot_3690,호텔시리우스 수영장,300,0,5,2,0,0,0,0,0,1,0,0,0
spot_3694,몽상드애월,90,0,4,1,1,0,0,1,0,0,0,0,0
spot_3696,파르나스호텔 제주 수영장,120,0,5,1,0,0,0,0,0,1,0,0,0
spot_3698,"이호테우해수욕장,도리로17",30,0,4,3,1,0,0,0,0,0,0,0,0
spot_3699,아빠는농부다 승환이네농장,0,0,4,5,0,0,0,1,0,0,0,0,0
spot_3705,서해랑 제부도정류장,60,1,4,1,0,0,0,0,0,0,0,0,1
spot_3706,그랜드하얏트제주 오락실,30,0,3,1,0,0,0,1,0,0,0,0,0
spot_3709,난타극장 제주전용관,90,1,5,0,0,0,1,0,0,0,0,0,0
spot_3715,제주할망밥상 모슬포점,60,0,3,3,1,0,0,0,0,0,0,0,0
spot_3721,제주 도립미술관,60,0,4,2,0,0,1,0,0,0,0,0,0
spot_3723,빛다,30,0,5,0,0,0,0,0,0,0,1,0,0
spot_3724,열방대학 제주캠퍼스,30,1,4,0,0,1,0,0,0,0,0,0,0
spot_3730,돔베돈,60,0,5,1,0,0,0,1,0,0,0,0,0
spot_3732,제주풀무질,90,0,5,0,0,0,1,0,0,0,0,0,0
spot_3734,한라산 정상안내소,30,0,5,0,1,0,0,0,0,0,0,0,0
spot_3735,하이월드,30,1,4,0,0,0,0,0,0,1,0,0,0
spot_3737,부소오름,60,0,5,1,1,0,0,0,0,0,0,0,0
spot_3741,애월바다테라피,90,0,3,0,0,0,0,0,0,0,0,0,1
spot_3743,벵뒤굴,120,0,5,0,1,0,0,0,0,0,0,0,0
spot_3746,야자나라,30,1,4,1,0,0,0,1,0,0,0,0,0
spot_3748,하루필름 애월점,30,0,5,1,0,0,0,1,0,0,0,0,0
spot_3749,시스터필드베이커리,30,1,5,1,0,0,0,1,0,0,0,0,0
spot_3752,오백장군과까마귀,180,0,4.5,0.5,1,0,0,0,0,0,0,0,0
spot_3753,아트스페이스빈공간,30,0,4,0,0,0,1,0,0,0,0,0,0
spot_3759,올레길 10-1코스(가파도 올레),90,1,4.5,0.5,0,0,0,0,0,0,1,0,0
spot_3763,샤브마니아 제주스카이워터쇼점,90,0,5,2,1,0,0,0,0,0,0,0,0
spot_3764,신도2리 도구리 모살물,30,0,3,2,0,1,0,0,0,0,0,0,0
spot_3765,덩개해안,30,0,5,1,0,0,0,0,0,0,1,0,0
spot_3768,랑데뷰펜션,30,0,5,3,0,0,0,0,0,0,1,0,0
spot_3771,서귀포자연휴양림 법정악전망대,30,0,3,0,1,0,0,0,0,0,0,0,0
spot_3774,국립산림과학원 난대아열대산림연구소 한남연구시험림,180,0,5,3,1,0,0,0,0,0,0,0,0
spot_3775,미악산,30,0,4,3,1,0,0,0,0,0,0,0,0
spot_3777,파앤이스트,30,1,5,1,0,0,0,1,0,0,0,0,0
spot_3779,제주에코랜드,210,0,5,3,0,0,0,0,0,0,0,0,1
spot_3783,모슬포교회 역사관,30,0,5,3,0,1,0,0,0,0,0,0,0
spot_3795,하바나,30,1,5,1,0,0,1,0,0,0,0,0,0
spot_3796,중문성당,60,1,5,0,0,1,0,0,0,0,0,0,0
spot_3799,바른움직임,90,0,5,1,0,0,0,0,0,0,0,0,1
spot_3802,수산봉 오름 산책로,30,0,5,1,0,0,0,0,0,0,1,0,0
spot_3807,신화의거리,60,0,3,1,0,0,0,1,0,0,0,0,0
spot_3811,소머리오름,30,0,4,1,0,0,0,0,0,0,1,0,0
spot_3816,낭만잡화점,60,0,5,1,0,0,0,1,0,0,0,0,0
spot_3821,제주시탐라도서관,30,0,5,1,0,0,1,0,0,0,0,0,0
spot_3830,큰넓궤,30,0,2,3,0,1,0,0,0,0,0,0,0
spot_3838,비케이브,90,0,5,0,0,0,0,0,0,0,0,0,1
spot_3840,애월해안로 바다,30,1,5,0,1,0,0,0,0,0,0,0,0
spot_3846,제주한화리조트 탐라테라피,60,0,3,1,0,0,0,0,1,0,0,0,0
spot_3852,중문카트체험장,30,0,4,1,0,0,0,0,0,0,0,0,1
spot_3853,제주카약,135,0,4.5,2,0,0,0,0,1,0,0,0,1
spot_3854,표선항,60,0,3,1,0,0,0,0,0,0,1,0,0
spot_3856,남원 사우나,150,0,5,0,0,0,0,0,0,1,0,0,0
spot_3863,제주해녀축제,105,0,2.5,1.5,0,0,0,0,0,0,0,1,0
spot_3865,섯알오름예비검속희생자추모비,30,0,2,0,0,1,0,0,0,0,0,0,0
spot_3875,오설록티뮤지엄 티스톤,90,1,5,1,0,0,1,0,0,0,0,0,0
spot_3880,제주꺼우다,30,0,3,8,0,0,0,0,0,0,0,0,1
spot_3882,단산 입구,30,0,3,3,1,0,0,0,0,0,0,0,0
spot_3883,이호방파제,60,0,3,4,1,0,0,0,0,0,0,0,0
spot_3888,월정스티치,45,0,3.5,0,0,0,0,1,0,0,0,0,0
spot_3896,학교시네마,30,0,3,1,0,0,1,0,0,0,0,0,0
spot_3901,제주스런 서귀포공방,60,0,4,1,0,0,0,0,0,0,0,0,1
spot_3905,10호어린이공원,30,0,5,1,1,0,0,0,0,0,0,0,0
spot_3906,미래골프클럽,120,0,4,1,0,0,0,0,1,0,0,0,0
spot_3909,남원큰엉해안경승지,60,0,4,2,1,0,0,0,0,0,0,0,0
spot_3910,쿰다ATV,90,0,5,1,0,0,0,0,1,0,0,0,0
spot_3912,예래동 해안길,960,1,5,0,0,0,0,0,0,0,1,0,0
spot_580,환해장성,130,0.333333333,4,0.5,1,1,0,0,0,0,0,0,0
spot_3922,하례정원,60,0,4,1,1,0,0,0,0,0,0,0,0
spot_3927,한담세희네농장,30,0,3,1,0,0,0,0,0,0,0,0,1
spot_3931,성산일출봉.일출봉동암사,30,1,5,4,1,0,0,0,0,0,0,0,0
spot_3933,삼매봉공원,60,0,3,1,1,0,0,0,0,0,0,0,0
spot_3936,남원용암해수풀장,0,0,4,0,0,0,0,0,0,1,0,0,0
spot_3937,덕천곤충 영농조합,60,0,5,3,0,0,0,0,0,0,0,0,1
spot_3947,오성미래그룹 쇼핑몰,60,0,4,2,0,0,0,1,0,0,0,0,0
spot_3948,놀놀 플레이그라운드 카페,150,0,5,3,0,0,0,0,0,0,0,0,1
spot_3949,올레길 9코스(대평-화순 올레),60,0,5,4,0,0,0,0,0,0,1,0,0
spot_3950,파르나스호텔 제주 야외수영장,120,0,4,1,0,0,0,0,0,1,0,0,0
spot_3956,서쪽가게,30,0,3,0,0,0,0,1,0,0,0,0,0
spot_3963,제주담은,30,0,5,0,0,0,0,1,0,0,0,0,0
spot_3966,해맞이해안로,180,0,4,0,1,0,0,0,0,0,0,0,0
spot_3976,그루스터디카페 서귀포혁신도시센터,150,0,2,1,0,0,0,1,0,0,0,0,0
spot_3982,우도팔경유람선,30,1,5,3,0,0,0,0,1,0,0,0,0
spot_3984,성산스쿠버,60,0,5,1,0,0,0,0,0,0,0,0,1
spot_3985,청귤 농장 (제주각시이우다 운영),30,0,2,1,0,0,0,0,0,0,0,0,1
spot_3988,부가네감귤농장,30,0,4,1,0,0,0,0,0,0,0,0,1
spot_3990,강화씨사이드리조트 루지,60,1,5,1,0,0,0,0,0,1,0,0,0
spot_3994,마트로 연동점,30,0,3,0,0,0,0,1,0,0,0,0,0
spot_3995,롯데면세점 제주점,30,0,4,1,0,0,0,1,0,0,0,0,0
spot_3997,예술공간 오이,60,0,4,3,0,0,1,0,0,0,0,0,0
spot_3998,삼다체육공원,30,1,5,1,0,0,0,0,1,0,0,0,0
spot_4006,성산리 138-1,30,1,5,0,0,0,0,0,0,0,1,0,0
spot_4007,탑승마클럽,90,0,5,0,0,0,0,0,1,0,0,0,0
spot_4012,세이레아트센터,120,1,4,1,0,0,1,0,0,0,0,0,0
spot_4014,세븐스타코인노래연습장 서귀포점,30,0,3,0,0,0,0,1,0,0,0,0,0
spot_4017,오현단,30,0,2,0,0,1,0,0,0,0,0,0,0
spot_4018,토이마켓 서귀포점,30,1,4,2,0,0,0,1,0,0,0,0,0
spot_4021,표선해안도로,30,1,5,0,1,0,0,0,0,0,0,0,0
spot_4023,쇠소깍깡통열차,60,0,3,3,0,0,0,0,0,0,0,0,1
spot_4025,클랭블루,60,0,5,3,0,0,1,0,0,0,0,0,0
spot_2989,오르머팝업스토어,30,0,2.5,1,1,0,1,0,0,0,0,0,0
spot_4038,산방굴선원,60,0,4,3,0,1,0,0,0,0,0,0,0
spot_4041,제주영락교회,90,1,5,3,0,1,0,0,0,0,0,0,0
spot_4042,예래생태마을,30,0,3,1,0,0,0,0,0,0,1,0,0
spot_4044,중문서핑스쿨&중문서핑샵,240,0,4,0,0,0,0,0,1,0,0,0,0
spot_4051,제주영상 문화산업진흥원,30,0,5,0,0,0,0,0,0,0,0,1,0
spot_4052,제주바다목장 다이브리조트,120,0,4,1,0,0,0,0,0,0,0,0,1
spot_4063,중문승마공원,60,0,4,4,1,0,0,0,0,0,0,0,0
spot_4072,러브레시피 스튜디오,90,0,5,1,0,0,0,0,0,0,0,0,1
spot_4078,비양동,30,0,4,4,1,0,0,0,0,0,0,0,0
spot_4083,봉개교회,60,0,4,2,0,1,0,0,0,0,0,0,0
spot_4086,제파,60,1,5,1,0,0,0,0,0,0,0,0,1
spot_4090,송당 갈대숲,30,0,4,0,1,0,0,0,0,0,0,0,0
spot_4097,눈을맞추다 제주점,60,0,5,0,0,0,0,1,0,0,0,0,0
spot_4105,사계리 산책,60,0,5,0,0,0,0,0,0,0,1,0,0
spot_3258,태신해안로,45,0.5,5,2,1,0,0,0,0,0,0,0,0
spot_4108,시오름,60,0,5,0,1,0,0,0,0,0,0,0,0
spot_4111,뿔소라공원,30,0,5,3,1,0,0,0,0,0,0,0,0
spot_4112,오달콤제주,30,0,4,2,0,0,0,1,0,0,0,0,0
spot_4133,성읍민속마을교차로,30,0,5,0,0,1,0,0,0,0,0,0,0
spot_4135,동안경굴,30,0,5,0,1,0,0,0,0,0,0,0,0
spot_4139,플레이롤러,90,0,4,3,0,0,0,0,0,1,0,0,0
spot_4142,더블루제주,180,0,4,2,0,0,0,0,0,0,0,0,1
spot_4149,쇠소깍전통나룻배 체험매표소,60,0,5,2,0,0,0,0,0,0,0,0,1
spot_4150,놀숲 제주외도점,120,0,4,2,0,0,0,1,0,0,0,0,0
spot_4152,대림리새마을회관,60,1,5,2,0,0,0,0,0,0,1,0,0
spot_4153,서광다원연구소,60,0,4,0,0,0,0,0,0,0,0,0,1
spot_4154,제주담을센터,90,0,4,0,0,0,1,0,0,0,0,0,0
spot_4157,옹포천 어울공원 수영장,30,1,4,1,0,0,0,0,0,1,0,0,0
spot_4160,한라산국립공원 영실탐방로안내,210,0,5,3,0,0,0,0,1,0,0,0,0
spot_4161,함덕하타요가,60,0,5,3,0,0,0,0,1,0,0,0,0
spot_4170,귤림체험농원,60,0,2,2,0,0,0,0,0,0,0,0,1
spot_4172,제주농업기술센터,120,0,3,1,0,0,1,0,0,0,0,0,0
spot_4175,애월책방 이다,30,0,4,4,0,0,1,0,0,0,0,0,0
spot_4177,캐럿서프,240,0,5,0,0,0,0,0,0,0,0,0,1
spot_4179,서귀포수협 수산물직매장,30,0,5,3,0,0,0,1,0,0,0,0,0
spot_4183,이솝 제주점,30,0,3,1,0,0,0,1,0,0,0,0,0
spot_4185,현명한감귤체험농장,30,0,3,1,0,0,0,0,0,0,0,0,1
spot_4188,성산갯마을,30,0,4,0,0,0,0,0,0,0,1,0,0
spot_4195,일품순두부 연동점,30,1,3,0,0,0,0,1,0,0,0,0,0
spot_4197,오설록 제주 티 뮤지엄,60,0,2,1,0,0,1,0,0,0,0,0,0
spot_4200,우도머뭄,750,0,5,0,1,0,0,0,0,0,0,0,0
spot_4201,우도물들이 해녀의집,60,0,5,7,1,0,0,0,0,0,0,0,0
spot_4202,이모션오르골카페,0,0,5,3,0,0,0,0,0,0,0,0,1
spot_4203,미쁜제과,30,0,4,0,0,0,0,1,0,0,0,0,0
spot_4209,서담갤러리카페,0,0,5,0,0,0,1,0,0,0,0,0,0
spot_4214,탑스킨케어,60,0,5,2,0,0,0,0,0,0,0,0,1
spot_4215,종달리해안도로,30,0,5,0,0,0,0,0,0,0,1,0,0
spot_4218,제주일출봉해안 일제동굴진지,30,0,3,0,1,0,0,0,0,0,0,0,0
spot_4222,문도지오름 출구,120,0,5,0,1,0,0,0,0,0,0,0,0
spot_4224,한라산국립공원 영실매표소,240,0,4,2,1,0,0,0,0,0,0,0,0
spot_4227,성산포,60,0,5,4,0,0,0,0,0,0,0,0,1
spot_4229,트리플스토어,60,0,5,0,0,0,0,1,0,0,0,0,0
spot_4230,봉지동,30,0,5,0,1,0,0,0,0,0,0,0,0
spot_4233,예술공간 이아,60,0,5,0,0,0,1,0,0,0,0,0,0
spot_4241,세화마을협동조합,60,0,4,4,0,0,0,1,0,0,0,0,0
spot_4242,대빵오락실,90,0,5,0,0,0,1,0,0,0,0,0,0
spot_103,한경 제주로컬푸드로 만드는 수제 피자,90,0,5,3,0,0,0,1,0,0,0,0,0
spot_145,노형동,30,0,4,0,0,0,0,0,0,0,1,0,0
spot_190,신화월드테마파크,40,0.333333333,4,4.5,0,0,0,0,0,1,0,0,0
spot_220,절물 자연휴양림,0,0,4,1,1,0,0,0,0,0,0,0,0
spot_249,함덕해수욕장 근처 길,0,0,5,0,1,0,0,0,0,0,0,0,0
spot_510,싱싱촘맛집(배낚시,120,0,1,1,0,0,0,0,0,0,0,0,1
spot_574,속골로,30,0,4,2,1,0,0,0,0,0,0,0,0
spot_582,애월  갈대숲,30,0,3,3,1,0,0,0,0,0,0,0,0
spot_860,숙소 앞 일출명소,60,1,5,2,0,0,0,0,0,0,1,0,0
spot_868,환상의 자전거길,30,0,5,0,0,0,0,0,0,0,1,0,0
spot_874,우도선상낚시,150,0,5,0,0,0,0,0,0,0,0,0,1
spot_887,제주도 서귀포시 대정읍,30,0,5,0,1,0,0,0,0,0,0,0,0
spot_919,쓩쓩렌탈 월정점,15,0.5,5,0,0,0,0,0,1,0,0,0,0
spot_989,올레길 15코스,30,0,3,0,0,0,0,0,0,0,1,0,0
spot_1067,한라산 관음사코스,570,0,2,1,1,0,0,0,0,0,0,0,0
spot_1076,제주한라대학교 한라컨벤션센터,240,0,5,1,0,0,1,0,0,0,0,0,0
spot_1101,신창리 인근 해안도로,0,0,5,2,0,0,0,0,0,0,1,0,0
spot_1131,제주특별자치도 제주시 애월읍 어음리 산68-5,30,0,3,3,1,0,0,0,0,0,0,0,0
spot_1143,우도해양공원,30,0,4,2,1,0,0,0,0,0,0,0,0
spot_1229,감귤따기체험장,60,0,5,1,0,0,0,0,0,0,0,0,1
spot_1257,함덕서우봉해변,30,0,5,0,0,0,0,0,0,0,1,0,0
spot_1315,비밀의 숲,60,0,5,3,1,0,0,0,0,0,0,0,0
spot_1394,제주 서해안로,30,1,4,0,0,0,0,0,0,0,1,0,0
spot_1476,우도 봉수대,30,0,3.666666667,2.5,1,1,0,0,0,0,0,0,0
spot_1481,오르머,45,0,4,1,1,0,0,0,0,0,0,0,1
spot_1526,한라산마을첫마을,60,0,5,0,0,0,0,0,0,0,1,0,0
spot_1545,행원리 인근 해안도로,0,0,3,2,0,0,0,0,0,0,1,0,0
spot_1571,사려니 숲길,240,0,4,1,0,0,0,0,0,0,1,0,0
spot_1586,사계해안,30,0.4,4.6,0.8,1,0,0,0,0,0,0,0,0
spot_1602,귤향기,30,0,5,1,0,0,0,1,0,0,0,0,0
spot_1627,위호텔 수영장,120,0,4,3,0,0,0,0,0,1,0,0,0
spot_1691,제주꿈바당어린이도서관,90,0,4,0,0,0,0,0,0,0,0,1,0
spot_1751,제주시 한동리,30,0,5,0,1,0,0,0,0,0,0,0,0
spot_1765,액티비브파크,60,0,5,3,0,0,0,0,1,0,0,0,0
spot_1805,서귀포혁신도시 국민체육센터,60,0,3,0,0,0,0,0,1,0,0,0,0
spot_1813,서귀포시 대륜동 169-5,120,0,5,1,0,0,0,0,0,0,0,0,1
spot_1828,호텔스위트캐슬(스파 체험),90,1,5,1,0,0,0,0,0,0,0,0,1
spot_1837,하도리 어느 해변가,30,0,3,3,1,0,0,0,0,0,0,0,0
spot_1844,판포리 인근 해안도로,0,0,4,2,0,0,0,0,0,0,1,0,0
spot_1856,양용찬 열사 묘역,30,0,2,0,0,1,0,0,0,0,0,0,0
spot_1882,창꼼바위,120,0,2,1,1,0,0,0,0,0,0,0,0
spot_1949,파르나스 제주 피트니스 큐브 (짐),60,0,5,1,0,0,0,0,1,0,0,0,0
spot_1988,대정오일장,30,0,4,2,0,0,0,1,0,0,0,0,0
spot_2021,동문시장 제주점,30,0,4,1,0,0,0,1,0,0,0,0,0
spot_2043,이야기별방펜션 앞 산책길,30,1,3,3,0,0,0,0,0,0,1,0,0
spot_2057,애월해안로,30,1,5,0,1,0,0,0,0,0,0,0,0
spot_2080,예레해안도로,30,0,4,2,0,0,0,0,0,0,1,0,0
spot_2086,에브리바디빈티지,30,1,4,0,0,0,0,1,0,0,0,0,0
spot_2122,해안가 앞 산책로,30,0,3,1,0,0,0,0,0,0,1,0,0
spot_2143,더메이즈엑스,150,0,4,1,0,0,0,0,0,0,0,0,1
spot_2166,서광다원연구소 앞 녹차밭,60,1,5,1,1,0,0,0,0,0,0,0,0
spot_2185,고성오일장,60,0,3,0,0,0,0,1,0,0,0,0,0
spot_2200,용수리 인근 해안도로,0,0,4,2,0,0,0,0,0,0,1,0,0
spot_2210,토스카나호텔내 키즈카페,60,0,4,3,0,0,0,0,0,0,0,0,1
spot_2238,"저지예술인마을(제주도립김창열미술관, 제주현대미술관)",30,0,5,1,0,0,1,0,0,0,0,0,0
spot_2241,천지동어린이공원,30,0,4,2,1,0,0,0,0,0,0,0,0
spot_2249,서호호근로 서귀피안카페 인근 올레길,120,0,4,1,0,0,0,0,0,0,1,0,0
spot_2264,어영소공원,15,0,4.5,1.5,1,0,0,0,0,0,0,0,0
spot_2271,제주 제주시 서해안로 45,30,0,5,4,0,0,0,0,0,0,1,0,0
spot_2275,천지연로 41번길,60,0,5,0,1,0,0,0,0,0,0,0,0
spot_2297,국립 제주박물관,90,0,5,2,0,1,0,0,0,0,0,0,0
spot_2306,남성중로,30,0,5,1,0,0,0,0,0,0,1,0,0
spot_2309,포레스트 공룡사파리,60,0,4,5,0,0,0,0,0,1,0,0,0
spot_2341,알제이,90,0,5,0,0,0,0,0,0,0,0,0,1
spot_2342,집시루트 원석판매,180,0,5,0,1,0,0,0,0,0,0,0,0
spot_2351,에코랜드,150,1,4,2,0,0,0,0,0,1,0,0,0
spot_2355,바람모루길,30,0,3,0,0,0,0,0,0,0,1,0,0
spot_2356,한라산 등반,600,1,5,3,1,0,0,0,0,0,0,0,0
spot_2364,오조로 80번길,30,0,5,1,0,0,0,0,0,0,1,0,0
spot_2393,종달리마을,90,0,2,1,0,0,0,0,0,0,1,0,0
spot_2411,제주특별자치도농업기술원 서부농업기술센터,30,0,3,0,0,0,1,0,0,0,0,0,0
spot_2418,제주 성읍 녹차밭,30,0,5,3,1,0,0,0,0,0,0,0,0
spot_2457,조함해안로,120,0,4,3,0,0,0,0,0,0,1,0,0
spot_2461,오설록 제주티뮤지엄,60,0,4,3,0,0,1,0,0,0,0,0,0
spot_2474,팜파스정원,30,0,4,1,1,0,0,0,0,0,0,0,0
spot_2488,대정읍 노을해안로,30,0.5,4.5,1,0,0,0,0,0,0,1,0,0
spot_2500,탐라문화제,60,0,3,1,0,0,0,0,0,0,0,1,0
spot_2517,레포츠랜드,0,0,3,1,0,0,0,0,1,0,0,0,0
spot_2534,휴애리 (핑크뮬리축제),90,0,3,1,0,0,0,0,0,0,0,1,0
spot_2551,이호테우 해변,60,0,5,0,1,0,0,0,0,0,0,0,0
spot_2586,강정천 산책로,30,0,5,2,0,0,0,0,0,0,1,0,0
spot_2588,허브동산,60,0,5,2,1,0,0,0,0,0,0,0,0
spot_2637,대정읍 영락리,60,1,5,0,1,0,0,0,0,0,0,0,0
spot_2638,대한민국 제주특별자치도 제주시 김녕로21길,60,0,5,0,1,0,0,0,0,0,0,0,0
spot_2641,구시물,30,0,5,1,0,1,0,0,0,0,0,0,0
spot_2654,고내리,30,0,5,1,1,0,0,0,0,0,0,0,0
spot_2660,제주표선 서핑스쿨,120,0,5,1,0,0,0,0,1,0,0,0,0
spot_2688,올레중앙시장,30,1,4,4,0,0,0,1,0,0,0,0,0
spot_2726,평대리,45,0,4.5,0.5,1,0,0,0,0,0,0,0,0
spot_2765,애월바람타고,60,0,3,0,0,0,0,0,0,0,0,0,1
spot_2775,하귀바다,90,0,5,3,1,0,0,0,0,0,0,0,0
spot_2777,서귀포 올래시장,30,1,3,0,0,0,0,1,0,0,0,0,0
spot_2825,피그농원,60,0,5,3,0,0,0,0,0,1,0,0,0
spot_2871,가시리마을,30,0,4,0,0,0,0,0,0,0,1,0,0
spot_2878,위미리,120,1,4,0,1,0,0,0,0,0,0,0,0
spot_2894,속골유원지,690,0,5,1,0,0,0,0,0,0,1,0,0
spot_2897,해변가,90,0,4,0,1,0,0,0,0,0,0,0,0
spot_2931,내도 해변,60,0,5,1,0,0,0,0,0,0,1,0,0
spot_2952,재주시올레시장,30,1,5,1,0,0,0,1,0,0,0,0,0
spot_3002,김녕바다길,60,0,5,2,1,0,0,0,0,0,0,0,0
spot_3015,우도 해안길530,30,0,3,3,1,0,0,0,0,0,0,0,0
spot_3067,대포주상절리대,60,0,4,1,1,0,0,0,0,0,0,0,0
spot_3085,이호일동 꽃밭,30,0,4,1,0,0,0,0,0,0,1,0,0
spot_3090,서귀포농산물직판장,0,0,3,5,0,0,0,1,0,0,0,0,0
spot_3102,제주 신화테마파크,60,1,5,6,0,0,0,0,0,1,0,0,0
spot_3115,강정항,30,0,5,1,1,0,0,0,0,0,0,0,0
spot_3127,바램목장카페,90,1,5,2,0,0,0,0,0,0,0,0,1
spot_3131,아라동둘레길,30,1,5,2,0,0,0,0,0,0,1,0,0
spot_3134,제주 올레길 14코스,30,1,5,0,0,0,0,0,0,0,1,0,0
spot_3158,우도 연못,0,0,4,3,0,0,0,0,0,0,1,0,0
spot_3173,남원읍 위미리,90,0,5,1,0,0,0,0,0,0,1,0,0
spot_3183,중문해수욕장,60,0,4,1,1,0,0,0,0,0,0,0,0
spot_3188,섶섬 인근 해안도로,0,0,5,2,1,0,0,0,0,0,0,0,0
spot_3228,망고도매나라,30,0,4,2,0,0,0,1,0,0,0,0,0
spot_3244,엑트몬 중문점,60,1,4,3,0,0,0,0,0,1,0,0,0
spot_3250,들락날락센터,60,0,4,3,0,0,1,0,0,0,0,0,0
spot_3266,감귤농장,0,0,4,4,0,0,0,0,0,0,0,0,1
spot_3309,제주신라호텔 산책로,30,0,5,1,0,0,0,0,0,0,1,0,0
spot_3320,김녕 바닷길,60,0,4,2,0,0,0,0,0,0,1,0,0
spot_3328,행복한상점동문시장점,30,0,4,1,0,0,0,1,0,0,0,0,0
spot_3340,감귤밭,60,0,5,0,0,0,0,0,0,0,1,0,0
spot_3359,함덕돌핀레저,90,0,4,3,0,0,0,0,1,0,0,0,0
spot_3407,파르나스 제주,60,0,5,1,0,0,0,0,1,0,0,0,0
spot_3429,그랜드조선제주 산책로,60,0,5,2,0,0,0,0,0,0,1,0,0
spot_3432,몽듀호텔앞 해안,30,0,3,1,0,0,0,0,0,0,1,0,0
spot_3502,제주 아라리오뮤지엄 탑동 시네마,60,0,4,0,0,0,1,0,0,0,0,0,0
spot_3513,제주 올레길 16 코스,60,0,4,1,0,0,0,0,0,0,1,0,0
spot_3537,한라당,0,0,4,0,0,0,0,1,0,0,0,0,0
spot_3538,GS25 이호해수욕장점 건너,0,0,4,1,1,0,0,0,0,0,0,0,0
spot_3555,행원리 해안도로,0,1,5,1,1,0,0,0,0,0,0,0,0
spot_3578,7올레길,30,0,5,1,0,0,0,0,0,0,1,0,0
spot_3593,대한민국 제주특별자치도 제주시 애월리 2489,60,0,3,1,0,0,0,0,0,0,1,0,0
spot_3602,CU 제주 서해안로점 앞 바다,30,0,5,0,1,0,0,0,0,0,0,0,0
spot_3620,피플 제주점,30,0,2,0,0,0,0,1,0,0,0,0,0
spot_3631,앤유 피시방,210,1,5,1,0,0,1,0,0,0,0,0,0
spot_3665,팜파스군락지,30,0,4,2,1,0,0,0,0,0,0,0,0
spot_3666,구좌방파제,60,0,5,1,1,0,0,0,0,0,0,0,0
spot_3707,방파제,30,0,4,1,1,0,0,0,0,0,0,0,0
spot_3714,제주다원 녹차테마파크,180,1,5,3,0,0,0,0,0,1,0,0,0
spot_3717,이호해수욕장 인근 산책로,0,0,3,2,0,0,0,0,0,0,1,0,0
spot_3744,연대마을길,90,0,4,1,1,0,0,0,0,0,0,0,0
spot_3801,용두암해촌,60,0,5,1,0,0,0,0,0,0,1,0,0
spot_3817,대한민국 제주특별자치도 제주시 김녕로17길,30,0,5,0,1,0,0,0,0,0,0,0,0
spot_3823,제주시 신흥리,30,0,4,0,1,0,0,0,0,0,0,0,0
spot_3894,드르쿰다 ATV in 상효,90,0,5,1,0,0,0,0,1,0,0,0,0
spot_3954,제주메밀꽃축제,30,0,5,2,0,0,0,0,0,0,0,1,0
spot_3965,온컬렉션뮤지엄,30,0,5,3,0,0,1,0,0,0,0,0,0
spot_3993,코난비치,60,0,5,0,1,0,0,0,0,0,0,0,0
spot_3996,한라수목원길 야시장,90,0,3,1,0,0,0,1,0,0,0,0,0
spot_4030,법환동 산책,30,1,5,1,0,0,0,0,0,0,1,0,0
spot_4054,스튜디오 제주스럽,60,0,5,1,0,0,1,0,0,0,0,0,0
spot_4068,교래리소공원,30,0,4,0,1,0,0,0,0,0,0,0,0
spot_4110,외도이동 해변,30,1,5,1,1,0,0,0,0,0,0,0,0
spot_4127,"원앙폭포, 영천의 잘 알려지지 않은 계곡",30,0,4,0,1,0,0,0,0,0,0,0,0
spot_4128,구좌읍 세화오일장,60,1,4,0,0,0,0,1,0,0,0,0,0
spot_4131,"하효쇠소깍해수욕장, 쇠소깍",30,0,4,0,1,0,0,0,0,0,0,0,0
spot_4134,형제해안로,60,0,4,0,0,0,0,0,0,0,1,0,0
spot_4137,카밀리아힐,90,0,5,0,1,0,0,0,0,0,0,0,0
spot_4171,우도고양이선장카페,60,0,5,1,0,0,0,0,1,0,0,0,0
spot_4206,숙소 근처 산책,30,0,5,1,0,0,0,0,0,0,1,0,0
spot_4232,애월읍 하귀1리,30,0,5,2,1,0,0,0,0,0,0,0,0
